safety_margin,safety_margin_percent,model_name,batch_size,input_tokens,dtype,optimizer_name,memory_limit_MB,actual_peak_allocated_MB,predicted_peak_allocated_MB,actual_peak_reserved_MB,predicted_peak_reserved_MB,safe_predicted_reserved_MB,actual_fits,predicted_fits,correct_prediction,dangerous_failure,conservative_failure,outcome
0.0,0.0,distilgpt2,1,32,fp32,adamw,768,1592.43,1512.9896855468749,1700.0,1634.028860390625,1634.028860390625,False,False,True,False,False,correct
0.0,0.0,distilgpt2,1,32,fp32,adamw,1024,1592.43,1512.9896855468749,1700.0,1634.028860390625,1634.028860390625,False,False,True,False,False,correct
0.0,0.0,distilgpt2,1,32,fp32,adamw,1200,1592.43,1512.9896855468749,1700.0,1634.028860390625,1634.028860390625,False,False,True,False,False,correct
0.0,0.0,distilgpt2,1,32,fp32,adamw,1300,1592.43,1512.9896855468749,1700.0,1634.028860390625,1634.028860390625,False,False,True,False,False,correct
0.0,0.0,distilgpt2,1,32,fp32,adamw,1400,1592.43,1512.9896855468749,1700.0,1634.028860390625,1634.028860390625,False,False,True,False,False,correct
0.0,0.0,distilgpt2,1,32,fp32,adamw,1500,1592.43,1512.9896855468749,1700.0,1634.028860390625,1634.028860390625,False,False,True,False,False,correct
0.0,0.0,distilgpt2,1,32,fp32,adamw,1600,1592.43,1512.9896855468749,1700.0,1634.028860390625,1634.028860390625,False,False,True,False,False,correct
0.0,0.0,distilgpt2,1,32,fp32,adamw,1700,1592.43,1512.9896855468749,1700.0,1634.028860390625,1634.028860390625,True,True,True,False,False,correct
0.0,0.0,distilgpt2,1,32,fp32,adamw,1800,1592.43,1512.9896855468749,1700.0,1634.028860390625,1634.028860390625,True,True,True,False,False,correct
0.0,0.0,distilgpt2,1,32,fp32,adamw,1900,1592.43,1512.9896855468749,1700.0,1634.028860390625,1634.028860390625,True,True,True,False,False,correct
0.0,0.0,distilgpt2,1,32,fp32,adamw,2000,1592.43,1512.9896855468749,1700.0,1634.028860390625,1634.028860390625,True,True,True,False,False,correct
0.0,0.0,distilgpt2,1,32,fp32,adamw,2048,1592.43,1512.9896855468749,1700.0,1634.028860390625,1634.028860390625,True,True,True,False,False,correct
0.0,0.0,distilgpt2,1,32,fp32,adamw,2200,1592.43,1512.9896855468749,1700.0,1634.028860390625,1634.028860390625,True,True,True,False,False,correct
0.0,0.0,distilgpt2,1,32,fp32,adamw,2400,1592.43,1512.9896855468749,1700.0,1634.028860390625,1634.028860390625,True,True,True,False,False,correct
0.0,0.0,distilgpt2,1,32,fp32,adamw,2600,1592.43,1512.9896855468749,1700.0,1634.028860390625,1634.028860390625,True,True,True,False,False,correct
0.0,0.0,distilgpt2,1,32,fp32,adamw,2800,1592.43,1512.9896855468749,1700.0,1634.028860390625,1634.028860390625,True,True,True,False,False,correct
0.0,0.0,distilgpt2,1,32,fp32,adamw,3072,1592.43,1512.9896855468749,1700.0,1634.028860390625,1634.028860390625,True,True,True,False,False,correct
0.0,0.0,distilgpt2,1,32,fp32,adamw,4096,1592.43,1512.9896855468749,1700.0,1634.028860390625,1634.028860390625,True,True,True,False,False,correct
0.0,0.0,distilgpt2,1,32,fp32,adamw,8192,1592.43,1512.9896855468749,1700.0,1634.028860390625,1634.028860390625,True,True,True,False,False,correct
0.0,0.0,distilgpt2,1,64,fp32,adamw,768,1600.69,1552.9860605468748,1738.0,1677.2249453906247,1677.2249453906247,False,False,True,False,False,correct
0.0,0.0,distilgpt2,1,64,fp32,adamw,1024,1600.69,1552.9860605468748,1738.0,1677.2249453906247,1677.2249453906247,False,False,True,False,False,correct
0.0,0.0,distilgpt2,1,64,fp32,adamw,1200,1600.69,1552.9860605468748,1738.0,1677.2249453906247,1677.2249453906247,False,False,True,False,False,correct
0.0,0.0,distilgpt2,1,64,fp32,adamw,1300,1600.69,1552.9860605468748,1738.0,1677.2249453906247,1677.2249453906247,False,False,True,False,False,correct
0.0,0.0,distilgpt2,1,64,fp32,adamw,1400,1600.69,1552.9860605468748,1738.0,1677.2249453906247,1677.2249453906247,False,False,True,False,False,correct
0.0,0.0,distilgpt2,1,64,fp32,adamw,1500,1600.69,1552.9860605468748,1738.0,1677.2249453906247,1677.2249453906247,False,False,True,False,False,correct
0.0,0.0,distilgpt2,1,64,fp32,adamw,1600,1600.69,1552.9860605468748,1738.0,1677.2249453906247,1677.2249453906247,False,False,True,False,False,correct
0.0,0.0,distilgpt2,1,64,fp32,adamw,1700,1600.69,1552.9860605468748,1738.0,1677.2249453906247,1677.2249453906247,False,True,False,True,False,dangerous_underprediction
0.0,0.0,distilgpt2,1,64,fp32,adamw,1800,1600.69,1552.9860605468748,1738.0,1677.2249453906247,1677.2249453906247,True,True,True,False,False,correct
0.0,0.0,distilgpt2,1,64,fp32,adamw,1900,1600.69,1552.9860605468748,1738.0,1677.2249453906247,1677.2249453906247,True,True,True,False,False,correct
0.0,0.0,distilgpt2,1,64,fp32,adamw,2000,1600.69,1552.9860605468748,1738.0,1677.2249453906247,1677.2249453906247,True,True,True,False,False,correct
0.0,0.0,distilgpt2,1,64,fp32,adamw,2048,1600.69,1552.9860605468748,1738.0,1677.2249453906247,1677.2249453906247,True,True,True,False,False,correct
0.0,0.0,distilgpt2,1,64,fp32,adamw,2200,1600.69,1552.9860605468748,1738.0,1677.2249453906247,1677.2249453906247,True,True,True,False,False,correct
0.0,0.0,distilgpt2,1,64,fp32,adamw,2400,1600.69,1552.9860605468748,1738.0,1677.2249453906247,1677.2249453906247,True,True,True,False,False,correct
0.0,0.0,distilgpt2,1,64,fp32,adamw,2600,1600.69,1552.9860605468748,1738.0,1677.2249453906247,1677.2249453906247,True,True,True,False,False,correct
0.0,0.0,distilgpt2,1,64,fp32,adamw,2800,1600.69,1552.9860605468748,1738.0,1677.2249453906247,1677.2249453906247,True,True,True,False,False,correct
0.0,0.0,distilgpt2,1,64,fp32,adamw,3072,1600.69,1552.9860605468748,1738.0,1677.2249453906247,1677.2249453906247,True,True,True,False,False,correct
0.0,0.0,distilgpt2,1,64,fp32,adamw,4096,1600.69,1552.9860605468748,1738.0,1677.2249453906247,1677.2249453906247,True,True,True,False,False,correct
0.0,0.0,distilgpt2,1,64,fp32,adamw,8192,1600.69,1552.9860605468748,1738.0,1677.2249453906247,1677.2249453906247,True,True,True,False,False,correct
0.0,0.0,distilgpt2,1,128,fp32,adamw,768,1616.71,1632.978810546875,1726.0,1763.6171153906248,1763.6171153906248,False,False,True,False,False,correct
0.0,0.0,distilgpt2,1,128,fp32,adamw,1024,1616.71,1632.978810546875,1726.0,1763.6171153906248,1763.6171153906248,False,False,True,False,False,correct
0.0,0.0,distilgpt2,1,128,fp32,adamw,1200,1616.71,1632.978810546875,1726.0,1763.6171153906248,1763.6171153906248,False,False,True,False,False,correct
0.0,0.0,distilgpt2,1,128,fp32,adamw,1300,1616.71,1632.978810546875,1726.0,1763.6171153906248,1763.6171153906248,False,False,True,False,False,correct
0.0,0.0,distilgpt2,1,128,fp32,adamw,1400,1616.71,1632.978810546875,1726.0,1763.6171153906248,1763.6171153906248,False,False,True,False,False,correct
0.0,0.0,distilgpt2,1,128,fp32,adamw,1500,1616.71,1632.978810546875,1726.0,1763.6171153906248,1763.6171153906248,False,False,True,False,False,correct
0.0,0.0,distilgpt2,1,128,fp32,adamw,1600,1616.71,1632.978810546875,1726.0,1763.6171153906248,1763.6171153906248,False,False,True,False,False,correct
0.0,0.0,distilgpt2,1,128,fp32,adamw,1700,1616.71,1632.978810546875,1726.0,1763.6171153906248,1763.6171153906248,False,False,True,False,False,correct
0.0,0.0,distilgpt2,1,128,fp32,adamw,1800,1616.71,1632.978810546875,1726.0,1763.6171153906248,1763.6171153906248,True,True,True,False,False,correct
0.0,0.0,distilgpt2,1,128,fp32,adamw,1900,1616.71,1632.978810546875,1726.0,1763.6171153906248,1763.6171153906248,True,True,True,False,False,correct
0.0,0.0,distilgpt2,1,128,fp32,adamw,2000,1616.71,1632.978810546875,1726.0,1763.6171153906248,1763.6171153906248,True,True,True,False,False,correct
0.0,0.0,distilgpt2,1,128,fp32,adamw,2048,1616.71,1632.978810546875,1726.0,1763.6171153906248,1763.6171153906248,True,True,True,False,False,correct
0.0,0.0,distilgpt2,1,128,fp32,adamw,2200,1616.71,1632.978810546875,1726.0,1763.6171153906248,1763.6171153906248,True,True,True,False,False,correct
0.0,0.0,distilgpt2,1,128,fp32,adamw,2400,1616.71,1632.978810546875,1726.0,1763.6171153906248,1763.6171153906248,True,True,True,False,False,correct
0.0,0.0,distilgpt2,1,128,fp32,adamw,2600,1616.71,1632.978810546875,1726.0,1763.6171153906248,1763.6171153906248,True,True,True,False,False,correct
0.0,0.0,distilgpt2,1,128,fp32,adamw,2800,1616.71,1632.978810546875,1726.0,1763.6171153906248,1763.6171153906248,True,True,True,False,False,correct
0.0,0.0,distilgpt2,1,128,fp32,adamw,3072,1616.71,1632.978810546875,1726.0,1763.6171153906248,1763.6171153906248,True,True,True,False,False,correct
0.0,0.0,distilgpt2,1,128,fp32,adamw,4096,1616.71,1632.978810546875,1726.0,1763.6171153906248,1763.6171153906248,True,True,True,False,False,correct
0.0,0.0,distilgpt2,1,128,fp32,adamw,8192,1616.71,1632.978810546875,1726.0,1763.6171153906248,1763.6171153906248,True,True,True,False,False,correct
0.0,0.0,distilgpt2,1,64,fp32,adamw,768,1600.19,1552.9860605468748,1738.0,1677.2249453906247,1677.2249453906247,False,False,True,False,False,correct
0.0,0.0,distilgpt2,1,64,fp32,adamw,1024,1600.19,1552.9860605468748,1738.0,1677.2249453906247,1677.2249453906247,False,False,True,False,False,correct
0.0,0.0,distilgpt2,1,64,fp32,adamw,1200,1600.19,1552.9860605468748,1738.0,1677.2249453906247,1677.2249453906247,False,False,True,False,False,correct
0.0,0.0,distilgpt2,1,64,fp32,adamw,1300,1600.19,1552.9860605468748,1738.0,1677.2249453906247,1677.2249453906247,False,False,True,False,False,correct
0.0,0.0,distilgpt2,1,64,fp32,adamw,1400,1600.19,1552.9860605468748,1738.0,1677.2249453906247,1677.2249453906247,False,False,True,False,False,correct
0.0,0.0,distilgpt2,1,64,fp32,adamw,1500,1600.19,1552.9860605468748,1738.0,1677.2249453906247,1677.2249453906247,False,False,True,False,False,correct
0.0,0.0,distilgpt2,1,64,fp32,adamw,1600,1600.19,1552.9860605468748,1738.0,1677.2249453906247,1677.2249453906247,False,False,True,False,False,correct
0.0,0.0,distilgpt2,1,64,fp32,adamw,1700,1600.19,1552.9860605468748,1738.0,1677.2249453906247,1677.2249453906247,False,True,False,True,False,dangerous_underprediction
0.0,0.0,distilgpt2,1,64,fp32,adamw,1800,1600.19,1552.9860605468748,1738.0,1677.2249453906247,1677.2249453906247,True,True,True,False,False,correct
0.0,0.0,distilgpt2,1,64,fp32,adamw,1900,1600.19,1552.9860605468748,1738.0,1677.2249453906247,1677.2249453906247,True,True,True,False,False,correct
0.0,0.0,distilgpt2,1,64,fp32,adamw,2000,1600.19,1552.9860605468748,1738.0,1677.2249453906247,1677.2249453906247,True,True,True,False,False,correct
0.0,0.0,distilgpt2,1,64,fp32,adamw,2048,1600.19,1552.9860605468748,1738.0,1677.2249453906247,1677.2249453906247,True,True,True,False,False,correct
0.0,0.0,distilgpt2,1,64,fp32,adamw,2200,1600.19,1552.9860605468748,1738.0,1677.2249453906247,1677.2249453906247,True,True,True,False,False,correct
0.0,0.0,distilgpt2,1,64,fp32,adamw,2400,1600.19,1552.9860605468748,1738.0,1677.2249453906247,1677.2249453906247,True,True,True,False,False,correct
0.0,0.0,distilgpt2,1,64,fp32,adamw,2600,1600.19,1552.9860605468748,1738.0,1677.2249453906247,1677.2249453906247,True,True,True,False,False,correct
0.0,0.0,distilgpt2,1,64,fp32,adamw,2800,1600.19,1552.9860605468748,1738.0,1677.2249453906247,1677.2249453906247,True,True,True,False,False,correct
0.0,0.0,distilgpt2,1,64,fp32,adamw,3072,1600.19,1552.9860605468748,1738.0,1677.2249453906247,1677.2249453906247,True,True,True,False,False,correct
0.0,0.0,distilgpt2,1,64,fp32,adamw,4096,1600.19,1552.9860605468748,1738.0,1677.2249453906247,1677.2249453906247,True,True,True,False,False,correct
0.0,0.0,distilgpt2,1,64,fp32,adamw,8192,1600.19,1552.9860605468748,1738.0,1677.2249453906247,1677.2249453906247,True,True,True,False,False,correct
0.0,0.0,distilgpt2,2,64,fp32,adamw,768,1616.21,1632.978810546875,1726.0,1763.6171153906248,1763.6171153906248,False,False,True,False,False,correct
0.0,0.0,distilgpt2,2,64,fp32,adamw,1024,1616.21,1632.978810546875,1726.0,1763.6171153906248,1763.6171153906248,False,False,True,False,False,correct
0.0,0.0,distilgpt2,2,64,fp32,adamw,1200,1616.21,1632.978810546875,1726.0,1763.6171153906248,1763.6171153906248,False,False,True,False,False,correct
0.0,0.0,distilgpt2,2,64,fp32,adamw,1300,1616.21,1632.978810546875,1726.0,1763.6171153906248,1763.6171153906248,False,False,True,False,False,correct
0.0,0.0,distilgpt2,2,64,fp32,adamw,1400,1616.21,1632.978810546875,1726.0,1763.6171153906248,1763.6171153906248,False,False,True,False,False,correct
0.0,0.0,distilgpt2,2,64,fp32,adamw,1500,1616.21,1632.978810546875,1726.0,1763.6171153906248,1763.6171153906248,False,False,True,False,False,correct
0.0,0.0,distilgpt2,2,64,fp32,adamw,1600,1616.21,1632.978810546875,1726.0,1763.6171153906248,1763.6171153906248,False,False,True,False,False,correct
0.0,0.0,distilgpt2,2,64,fp32,adamw,1700,1616.21,1632.978810546875,1726.0,1763.6171153906248,1763.6171153906248,False,False,True,False,False,correct
0.0,0.0,distilgpt2,2,64,fp32,adamw,1800,1616.21,1632.978810546875,1726.0,1763.6171153906248,1763.6171153906248,True,True,True,False,False,correct
0.0,0.0,distilgpt2,2,64,fp32,adamw,1900,1616.21,1632.978810546875,1726.0,1763.6171153906248,1763.6171153906248,True,True,True,False,False,correct
0.0,0.0,distilgpt2,2,64,fp32,adamw,2000,1616.21,1632.978810546875,1726.0,1763.6171153906248,1763.6171153906248,True,True,True,False,False,correct
0.0,0.0,distilgpt2,2,64,fp32,adamw,2048,1616.21,1632.978810546875,1726.0,1763.6171153906248,1763.6171153906248,True,True,True,False,False,correct
0.0,0.0,distilgpt2,2,64,fp32,adamw,2200,1616.21,1632.978810546875,1726.0,1763.6171153906248,1763.6171153906248,True,True,True,False,False,correct
0.0,0.0,distilgpt2,2,64,fp32,adamw,2400,1616.21,1632.978810546875,1726.0,1763.6171153906248,1763.6171153906248,True,True,True,False,False,correct
0.0,0.0,distilgpt2,2,64,fp32,adamw,2600,1616.21,1632.978810546875,1726.0,1763.6171153906248,1763.6171153906248,True,True,True,False,False,correct
0.0,0.0,distilgpt2,2,64,fp32,adamw,2800,1616.21,1632.978810546875,1726.0,1763.6171153906248,1763.6171153906248,True,True,True,False,False,correct
0.0,0.0,distilgpt2,2,64,fp32,adamw,3072,1616.21,1632.978810546875,1726.0,1763.6171153906248,1763.6171153906248,True,True,True,False,False,correct
0.0,0.0,distilgpt2,2,64,fp32,adamw,4096,1616.21,1632.978810546875,1726.0,1763.6171153906248,1763.6171153906248,True,True,True,False,False,correct
0.0,0.0,distilgpt2,2,64,fp32,adamw,8192,1616.21,1632.978810546875,1726.0,1763.6171153906248,1763.6171153906248,True,True,True,False,False,correct
0.0,0.0,distilgpt2,4,64,fp32,adamw,768,1648.43,1792.964310546875,1768.0,1936.401455390625,1936.401455390625,False,False,True,False,False,correct
0.0,0.0,distilgpt2,4,64,fp32,adamw,1024,1648.43,1792.964310546875,1768.0,1936.401455390625,1936.401455390625,False,False,True,False,False,correct
0.0,0.0,distilgpt2,4,64,fp32,adamw,1200,1648.43,1792.964310546875,1768.0,1936.401455390625,1936.401455390625,False,False,True,False,False,correct
0.0,0.0,distilgpt2,4,64,fp32,adamw,1300,1648.43,1792.964310546875,1768.0,1936.401455390625,1936.401455390625,False,False,True,False,False,correct
0.0,0.0,distilgpt2,4,64,fp32,adamw,1400,1648.43,1792.964310546875,1768.0,1936.401455390625,1936.401455390625,False,False,True,False,False,correct
0.0,0.0,distilgpt2,4,64,fp32,adamw,1500,1648.43,1792.964310546875,1768.0,1936.401455390625,1936.401455390625,False,False,True,False,False,correct
0.0,0.0,distilgpt2,4,64,fp32,adamw,1600,1648.43,1792.964310546875,1768.0,1936.401455390625,1936.401455390625,False,False,True,False,False,correct
0.0,0.0,distilgpt2,4,64,fp32,adamw,1700,1648.43,1792.964310546875,1768.0,1936.401455390625,1936.401455390625,False,False,True,False,False,correct
0.0,0.0,distilgpt2,4,64,fp32,adamw,1800,1648.43,1792.964310546875,1768.0,1936.401455390625,1936.401455390625,True,False,False,False,True,conservative_overprediction
0.0,0.0,distilgpt2,4,64,fp32,adamw,1900,1648.43,1792.964310546875,1768.0,1936.401455390625,1936.401455390625,True,False,False,False,True,conservative_overprediction
0.0,0.0,distilgpt2,4,64,fp32,adamw,2000,1648.43,1792.964310546875,1768.0,1936.401455390625,1936.401455390625,True,True,True,False,False,correct
0.0,0.0,distilgpt2,4,64,fp32,adamw,2048,1648.43,1792.964310546875,1768.0,1936.401455390625,1936.401455390625,True,True,True,False,False,correct
0.0,0.0,distilgpt2,4,64,fp32,adamw,2200,1648.43,1792.964310546875,1768.0,1936.401455390625,1936.401455390625,True,True,True,False,False,correct
0.0,0.0,distilgpt2,4,64,fp32,adamw,2400,1648.43,1792.964310546875,1768.0,1936.401455390625,1936.401455390625,True,True,True,False,False,correct
0.0,0.0,distilgpt2,4,64,fp32,adamw,2600,1648.43,1792.964310546875,1768.0,1936.401455390625,1936.401455390625,True,True,True,False,False,correct
0.0,0.0,distilgpt2,4,64,fp32,adamw,2800,1648.43,1792.964310546875,1768.0,1936.401455390625,1936.401455390625,True,True,True,False,False,correct
0.0,0.0,distilgpt2,4,64,fp32,adamw,3072,1648.43,1792.964310546875,1768.0,1936.401455390625,1936.401455390625,True,True,True,False,False,correct
0.0,0.0,distilgpt2,4,64,fp32,adamw,4096,1648.43,1792.964310546875,1768.0,1936.401455390625,1936.401455390625,True,True,True,False,False,correct
0.0,0.0,distilgpt2,4,64,fp32,adamw,8192,1648.43,1792.964310546875,1768.0,1936.401455390625,1936.401455390625,True,True,True,False,False,correct
0.0,0.0,distilgpt2,1,64,fp32,sgd,768,956.49,928.042701171875,1030.0,1002.2861172656252,1002.2861172656252,False,False,True,False,False,correct
0.0,0.0,distilgpt2,1,64,fp32,sgd,1024,956.49,928.042701171875,1030.0,1002.2861172656252,1002.2861172656252,False,True,False,True,False,dangerous_underprediction
0.0,0.0,distilgpt2,1,64,fp32,sgd,1200,956.49,928.042701171875,1030.0,1002.2861172656252,1002.2861172656252,True,True,True,False,False,correct
0.0,0.0,distilgpt2,1,64,fp32,sgd,1300,956.49,928.042701171875,1030.0,1002.2861172656252,1002.2861172656252,True,True,True,False,False,correct
0.0,0.0,distilgpt2,1,64,fp32,sgd,1400,956.49,928.042701171875,1030.0,1002.2861172656252,1002.2861172656252,True,True,True,False,False,correct
0.0,0.0,distilgpt2,1,64,fp32,sgd,1500,956.49,928.042701171875,1030.0,1002.2861172656252,1002.2861172656252,True,True,True,False,False,correct
0.0,0.0,distilgpt2,1,64,fp32,sgd,1600,956.49,928.042701171875,1030.0,1002.2861172656252,1002.2861172656252,True,True,True,False,False,correct
0.0,0.0,distilgpt2,1,64,fp32,sgd,1700,956.49,928.042701171875,1030.0,1002.2861172656252,1002.2861172656252,True,True,True,False,False,correct
0.0,0.0,distilgpt2,1,64,fp32,sgd,1800,956.49,928.042701171875,1030.0,1002.2861172656252,1002.2861172656252,True,True,True,False,False,correct
0.0,0.0,distilgpt2,1,64,fp32,sgd,1900,956.49,928.042701171875,1030.0,1002.2861172656252,1002.2861172656252,True,True,True,False,False,correct
0.0,0.0,distilgpt2,1,64,fp32,sgd,2000,956.49,928.042701171875,1030.0,1002.2861172656252,1002.2861172656252,True,True,True,False,False,correct
0.0,0.0,distilgpt2,1,64,fp32,sgd,2048,956.49,928.042701171875,1030.0,1002.2861172656252,1002.2861172656252,True,True,True,False,False,correct
0.0,0.0,distilgpt2,1,64,fp32,sgd,2200,956.49,928.042701171875,1030.0,1002.2861172656252,1002.2861172656252,True,True,True,False,False,correct
0.0,0.0,distilgpt2,1,64,fp32,sgd,2400,956.49,928.042701171875,1030.0,1002.2861172656252,1002.2861172656252,True,True,True,False,False,correct
0.0,0.0,distilgpt2,1,64,fp32,sgd,2600,956.49,928.042701171875,1030.0,1002.2861172656252,1002.2861172656252,True,True,True,False,False,correct
0.0,0.0,distilgpt2,1,64,fp32,sgd,2800,956.49,928.042701171875,1030.0,1002.2861172656252,1002.2861172656252,True,True,True,False,False,correct
0.0,0.0,distilgpt2,1,64,fp32,sgd,3072,956.49,928.042701171875,1030.0,1002.2861172656252,1002.2861172656252,True,True,True,False,False,correct
0.0,0.0,distilgpt2,1,64,fp32,sgd,4096,956.49,928.042701171875,1030.0,1002.2861172656252,1002.2861172656252,True,True,True,False,False,correct
0.0,0.0,distilgpt2,1,64,fp32,sgd,8192,956.49,928.042701171875,1030.0,1002.2861172656252,1002.2861172656252,True,True,True,False,False,correct
0.0,0.0,distilgpt2,1,64,fp32,adamw,768,1600.94,1552.9860605468748,1738.0,1677.2249453906247,1677.2249453906247,False,False,True,False,False,correct
0.0,0.0,distilgpt2,1,64,fp32,adamw,1024,1600.94,1552.9860605468748,1738.0,1677.2249453906247,1677.2249453906247,False,False,True,False,False,correct
0.0,0.0,distilgpt2,1,64,fp32,adamw,1200,1600.94,1552.9860605468748,1738.0,1677.2249453906247,1677.2249453906247,False,False,True,False,False,correct
0.0,0.0,distilgpt2,1,64,fp32,adamw,1300,1600.94,1552.9860605468748,1738.0,1677.2249453906247,1677.2249453906247,False,False,True,False,False,correct
0.0,0.0,distilgpt2,1,64,fp32,adamw,1400,1600.94,1552.9860605468748,1738.0,1677.2249453906247,1677.2249453906247,False,False,True,False,False,correct
0.0,0.0,distilgpt2,1,64,fp32,adamw,1500,1600.94,1552.9860605468748,1738.0,1677.2249453906247,1677.2249453906247,False,False,True,False,False,correct
0.0,0.0,distilgpt2,1,64,fp32,adamw,1600,1600.94,1552.9860605468748,1738.0,1677.2249453906247,1677.2249453906247,False,False,True,False,False,correct
0.0,0.0,distilgpt2,1,64,fp32,adamw,1700,1600.94,1552.9860605468748,1738.0,1677.2249453906247,1677.2249453906247,False,True,False,True,False,dangerous_underprediction
0.0,0.0,distilgpt2,1,64,fp32,adamw,1800,1600.94,1552.9860605468748,1738.0,1677.2249453906247,1677.2249453906247,True,True,True,False,False,correct
0.0,0.0,distilgpt2,1,64,fp32,adamw,1900,1600.94,1552.9860605468748,1738.0,1677.2249453906247,1677.2249453906247,True,True,True,False,False,correct
0.0,0.0,distilgpt2,1,64,fp32,adamw,2000,1600.94,1552.9860605468748,1738.0,1677.2249453906247,1677.2249453906247,True,True,True,False,False,correct
0.0,0.0,distilgpt2,1,64,fp32,adamw,2048,1600.94,1552.9860605468748,1738.0,1677.2249453906247,1677.2249453906247,True,True,True,False,False,correct
0.0,0.0,distilgpt2,1,64,fp32,adamw,2200,1600.94,1552.9860605468748,1738.0,1677.2249453906247,1677.2249453906247,True,True,True,False,False,correct
0.0,0.0,distilgpt2,1,64,fp32,adamw,2400,1600.94,1552.9860605468748,1738.0,1677.2249453906247,1677.2249453906247,True,True,True,False,False,correct
0.0,0.0,distilgpt2,1,64,fp32,adamw,2600,1600.94,1552.9860605468748,1738.0,1677.2249453906247,1677.2249453906247,True,True,True,False,False,correct
0.0,0.0,distilgpt2,1,64,fp32,adamw,2800,1600.94,1552.9860605468748,1738.0,1677.2249453906247,1677.2249453906247,True,True,True,False,False,correct
0.0,0.0,distilgpt2,1,64,fp32,adamw,3072,1600.94,1552.9860605468748,1738.0,1677.2249453906247,1677.2249453906247,True,True,True,False,False,correct
0.0,0.0,distilgpt2,1,64,fp32,adamw,4096,1600.94,1552.9860605468748,1738.0,1677.2249453906247,1677.2249453906247,True,True,True,False,False,correct
0.0,0.0,distilgpt2,1,64,fp32,adamw,8192,1600.94,1552.9860605468748,1738.0,1677.2249453906247,1677.2249453906247,True,True,True,False,False,correct
0.0,0.0,gpt2,1,32,fp32,sgd,768,1271.56,1196.307083984375,1388.0,1292.0116507031248,1292.0116507031248,False,False,True,False,False,correct
0.0,0.0,gpt2,1,32,fp32,sgd,1024,1271.56,1196.307083984375,1388.0,1292.0116507031248,1292.0116507031248,False,False,True,False,False,correct
0.0,0.0,gpt2,1,32,fp32,sgd,1200,1271.56,1196.307083984375,1388.0,1292.0116507031248,1292.0116507031248,False,False,True,False,False,correct
0.0,0.0,gpt2,1,32,fp32,sgd,1300,1271.56,1196.307083984375,1388.0,1292.0116507031248,1292.0116507031248,False,True,False,True,False,dangerous_underprediction
0.0,0.0,gpt2,1,32,fp32,sgd,1400,1271.56,1196.307083984375,1388.0,1292.0116507031248,1292.0116507031248,True,True,True,False,False,correct
0.0,0.0,gpt2,1,32,fp32,sgd,1500,1271.56,1196.307083984375,1388.0,1292.0116507031248,1292.0116507031248,True,True,True,False,False,correct
0.0,0.0,gpt2,1,32,fp32,sgd,1600,1271.56,1196.307083984375,1388.0,1292.0116507031248,1292.0116507031248,True,True,True,False,False,correct
0.0,0.0,gpt2,1,32,fp32,sgd,1700,1271.56,1196.307083984375,1388.0,1292.0116507031248,1292.0116507031248,True,True,True,False,False,correct
0.0,0.0,gpt2,1,32,fp32,sgd,1800,1271.56,1196.307083984375,1388.0,1292.0116507031248,1292.0116507031248,True,True,True,False,False,correct
0.0,0.0,gpt2,1,32,fp32,sgd,1900,1271.56,1196.307083984375,1388.0,1292.0116507031248,1292.0116507031248,True,True,True,False,False,correct
0.0,0.0,gpt2,1,32,fp32,sgd,2000,1271.56,1196.307083984375,1388.0,1292.0116507031248,1292.0116507031248,True,True,True,False,False,correct
0.0,0.0,gpt2,1,32,fp32,sgd,2048,1271.56,1196.307083984375,1388.0,1292.0116507031248,1292.0116507031248,True,True,True,False,False,correct
0.0,0.0,gpt2,1,32,fp32,sgd,2200,1271.56,1196.307083984375,1388.0,1292.0116507031248,1292.0116507031248,True,True,True,False,False,correct
0.0,0.0,gpt2,1,32,fp32,sgd,2400,1271.56,1196.307083984375,1388.0,1292.0116507031248,1292.0116507031248,True,True,True,False,False,correct
0.0,0.0,gpt2,1,32,fp32,sgd,2600,1271.56,1196.307083984375,1388.0,1292.0116507031248,1292.0116507031248,True,True,True,False,False,correct
0.0,0.0,gpt2,1,32,fp32,sgd,2800,1271.56,1196.307083984375,1388.0,1292.0116507031248,1292.0116507031248,True,True,True,False,False,correct
0.0,0.0,gpt2,1,32,fp32,sgd,3072,1271.56,1196.307083984375,1388.0,1292.0116507031248,1292.0116507031248,True,True,True,False,False,correct
0.0,0.0,gpt2,1,32,fp32,sgd,4096,1271.56,1196.307083984375,1388.0,1292.0116507031248,1292.0116507031248,True,True,True,False,False,correct
0.0,0.0,gpt2,1,32,fp32,sgd,8192,1271.56,1196.307083984375,1388.0,1292.0116507031248,1292.0116507031248,True,True,True,False,False,correct
0.0,0.0,gpt2,1,64,fp32,sgd,768,1279.2,1257.068708984375,1422.0,1357.634205703125,1357.634205703125,False,False,True,False,False,correct
0.0,0.0,gpt2,1,64,fp32,sgd,1024,1279.2,1257.068708984375,1422.0,1357.634205703125,1357.634205703125,False,False,True,False,False,correct
0.0,0.0,gpt2,1,64,fp32,sgd,1200,1279.2,1257.068708984375,1422.0,1357.634205703125,1357.634205703125,False,False,True,False,False,correct
0.0,0.0,gpt2,1,64,fp32,sgd,1300,1279.2,1257.068708984375,1422.0,1357.634205703125,1357.634205703125,False,False,True,False,False,correct
0.0,0.0,gpt2,1,64,fp32,sgd,1400,1279.2,1257.068708984375,1422.0,1357.634205703125,1357.634205703125,False,True,False,True,False,dangerous_underprediction
0.0,0.0,gpt2,1,64,fp32,sgd,1500,1279.2,1257.068708984375,1422.0,1357.634205703125,1357.634205703125,True,True,True,False,False,correct
0.0,0.0,gpt2,1,64,fp32,sgd,1600,1279.2,1257.068708984375,1422.0,1357.634205703125,1357.634205703125,True,True,True,False,False,correct
0.0,0.0,gpt2,1,64,fp32,sgd,1700,1279.2,1257.068708984375,1422.0,1357.634205703125,1357.634205703125,True,True,True,False,False,correct
0.0,0.0,gpt2,1,64,fp32,sgd,1800,1279.2,1257.068708984375,1422.0,1357.634205703125,1357.634205703125,True,True,True,False,False,correct
0.0,0.0,gpt2,1,64,fp32,sgd,1900,1279.2,1257.068708984375,1422.0,1357.634205703125,1357.634205703125,True,True,True,False,False,correct
0.0,0.0,gpt2,1,64,fp32,sgd,2000,1279.2,1257.068708984375,1422.0,1357.634205703125,1357.634205703125,True,True,True,False,False,correct
0.0,0.0,gpt2,1,64,fp32,sgd,2048,1279.2,1257.068708984375,1422.0,1357.634205703125,1357.634205703125,True,True,True,False,False,correct
0.0,0.0,gpt2,1,64,fp32,sgd,2200,1279.2,1257.068708984375,1422.0,1357.634205703125,1357.634205703125,True,True,True,False,False,correct
0.0,0.0,gpt2,1,64,fp32,sgd,2400,1279.2,1257.068708984375,1422.0,1357.634205703125,1357.634205703125,True,True,True,False,False,correct
0.0,0.0,gpt2,1,64,fp32,sgd,2600,1279.2,1257.068708984375,1422.0,1357.634205703125,1357.634205703125,True,True,True,False,False,correct
0.0,0.0,gpt2,1,64,fp32,sgd,2800,1279.2,1257.068708984375,1422.0,1357.634205703125,1357.634205703125,True,True,True,False,False,correct
0.0,0.0,gpt2,1,64,fp32,sgd,3072,1279.2,1257.068708984375,1422.0,1357.634205703125,1357.634205703125,True,True,True,False,False,correct
0.0,0.0,gpt2,1,64,fp32,sgd,4096,1279.2,1257.068708984375,1422.0,1357.634205703125,1357.634205703125,True,True,True,False,False,correct
0.0,0.0,gpt2,1,64,fp32,sgd,8192,1279.2,1257.068708984375,1422.0,1357.634205703125,1357.634205703125,True,True,True,False,False,correct
0.0,0.0,gpt2,1,128,fp32,sgd,768,1292.34,1378.591958984375,1406.0,1488.879315703125,1488.879315703125,False,False,True,False,False,correct
0.0,0.0,gpt2,1,128,fp32,sgd,1024,1292.34,1378.591958984375,1406.0,1488.879315703125,1488.879315703125,False,False,True,False,False,correct
0.0,0.0,gpt2,1,128,fp32,sgd,1200,1292.34,1378.591958984375,1406.0,1488.879315703125,1488.879315703125,False,False,True,False,False,correct
0.0,0.0,gpt2,1,128,fp32,sgd,1300,1292.34,1378.591958984375,1406.0,1488.879315703125,1488.879315703125,False,False,True,False,False,correct
0.0,0.0,gpt2,1,128,fp32,sgd,1400,1292.34,1378.591958984375,1406.0,1488.879315703125,1488.879315703125,False,False,True,False,False,correct
0.0,0.0,gpt2,1,128,fp32,sgd,1500,1292.34,1378.591958984375,1406.0,1488.879315703125,1488.879315703125,True,True,True,False,False,correct
0.0,0.0,gpt2,1,128,fp32,sgd,1600,1292.34,1378.591958984375,1406.0,1488.879315703125,1488.879315703125,True,True,True,False,False,correct
0.0,0.0,gpt2,1,128,fp32,sgd,1700,1292.34,1378.591958984375,1406.0,1488.879315703125,1488.879315703125,True,True,True,False,False,correct
0.0,0.0,gpt2,1,128,fp32,sgd,1800,1292.34,1378.591958984375,1406.0,1488.879315703125,1488.879315703125,True,True,True,False,False,correct
0.0,0.0,gpt2,1,128,fp32,sgd,1900,1292.34,1378.591958984375,1406.0,1488.879315703125,1488.879315703125,True,True,True,False,False,correct
0.0,0.0,gpt2,1,128,fp32,sgd,2000,1292.34,1378.591958984375,1406.0,1488.879315703125,1488.879315703125,True,True,True,False,False,correct
0.0,0.0,gpt2,1,128,fp32,sgd,2048,1292.34,1378.591958984375,1406.0,1488.879315703125,1488.879315703125,True,True,True,False,False,correct
0.0,0.0,gpt2,1,128,fp32,sgd,2200,1292.34,1378.591958984375,1406.0,1488.879315703125,1488.879315703125,True,True,True,False,False,correct
0.0,0.0,gpt2,1,128,fp32,sgd,2400,1292.34,1378.591958984375,1406.0,1488.879315703125,1488.879315703125,True,True,True,False,False,correct
0.0,0.0,gpt2,1,128,fp32,sgd,2600,1292.34,1378.591958984375,1406.0,1488.879315703125,1488.879315703125,True,True,True,False,False,correct
0.0,0.0,gpt2,1,128,fp32,sgd,2800,1292.34,1378.591958984375,1406.0,1488.879315703125,1488.879315703125,True,True,True,False,False,correct
0.0,0.0,gpt2,1,128,fp32,sgd,3072,1292.34,1378.591958984375,1406.0,1488.879315703125,1488.879315703125,True,True,True,False,False,correct
0.0,0.0,gpt2,1,128,fp32,sgd,4096,1292.34,1378.591958984375,1406.0,1488.879315703125,1488.879315703125,True,True,True,False,False,correct
0.0,0.0,gpt2,1,128,fp32,sgd,8192,1292.34,1378.591958984375,1406.0,1488.879315703125,1488.879315703125,True,True,True,False,False,correct
0.0,0.0,gpt2,1,32,fp32,adamw,768,2402.82,2288.1175332031253,2616.0,2471.166935859376,2471.166935859376,False,False,True,False,False,correct
0.0,0.0,gpt2,1,32,fp32,adamw,1024,2402.82,2288.1175332031253,2616.0,2471.166935859376,2471.166935859376,False,False,True,False,False,correct
0.0,0.0,gpt2,1,32,fp32,adamw,1200,2402.82,2288.1175332031253,2616.0,2471.166935859376,2471.166935859376,False,False,True,False,False,correct
0.0,0.0,gpt2,1,32,fp32,adamw,1300,2402.82,2288.1175332031253,2616.0,2471.166935859376,2471.166935859376,False,False,True,False,False,correct
0.0,0.0,gpt2,1,32,fp32,adamw,1400,2402.82,2288.1175332031253,2616.0,2471.166935859376,2471.166935859376,False,False,True,False,False,correct
0.0,0.0,gpt2,1,32,fp32,adamw,1500,2402.82,2288.1175332031253,2616.0,2471.166935859376,2471.166935859376,False,False,True,False,False,correct
0.0,0.0,gpt2,1,32,fp32,adamw,1600,2402.82,2288.1175332031253,2616.0,2471.166935859376,2471.166935859376,False,False,True,False,False,correct
0.0,0.0,gpt2,1,32,fp32,adamw,1700,2402.82,2288.1175332031253,2616.0,2471.166935859376,2471.166935859376,False,False,True,False,False,correct
0.0,0.0,gpt2,1,32,fp32,adamw,1800,2402.82,2288.1175332031253,2616.0,2471.166935859376,2471.166935859376,False,False,True,False,False,correct
0.0,0.0,gpt2,1,32,fp32,adamw,1900,2402.82,2288.1175332031253,2616.0,2471.166935859376,2471.166935859376,False,False,True,False,False,correct
0.0,0.0,gpt2,1,32,fp32,adamw,2000,2402.82,2288.1175332031253,2616.0,2471.166935859376,2471.166935859376,False,False,True,False,False,correct
0.0,0.0,gpt2,1,32,fp32,adamw,2048,2402.82,2288.1175332031253,2616.0,2471.166935859376,2471.166935859376,False,False,True,False,False,correct
0.0,0.0,gpt2,1,32,fp32,adamw,2200,2402.82,2288.1175332031253,2616.0,2471.166935859376,2471.166935859376,False,False,True,False,False,correct
0.0,0.0,gpt2,1,32,fp32,adamw,2400,2402.82,2288.1175332031253,2616.0,2471.166935859376,2471.166935859376,False,False,True,False,False,correct
0.0,0.0,gpt2,1,32,fp32,adamw,2600,2402.82,2288.1175332031253,2616.0,2471.166935859376,2471.166935859376,False,True,False,True,False,dangerous_underprediction
0.0,0.0,gpt2,1,32,fp32,adamw,2800,2402.82,2288.1175332031253,2616.0,2471.166935859376,2471.166935859376,True,True,True,False,False,correct
0.0,0.0,gpt2,1,32,fp32,adamw,3072,2402.82,2288.1175332031253,2616.0,2471.166935859376,2471.166935859376,True,True,True,False,False,correct
0.0,0.0,gpt2,1,32,fp32,adamw,4096,2402.82,2288.1175332031253,2616.0,2471.166935859376,2471.166935859376,True,True,True,False,False,correct
0.0,0.0,gpt2,1,32,fp32,adamw,8192,2402.82,2288.1175332031253,2616.0,2471.166935859376,2471.166935859376,True,True,True,False,False,correct
0.0,0.0,gpt2,1,64,fp32,adamw,768,2409.59,2348.879158203125,2670.0,2536.789490859375,2536.789490859375,False,False,True,False,False,correct
0.0,0.0,gpt2,1,64,fp32,adamw,1024,2409.59,2348.879158203125,2670.0,2536.789490859375,2536.789490859375,False,False,True,False,False,correct
0.0,0.0,gpt2,1,64,fp32,adamw,1200,2409.59,2348.879158203125,2670.0,2536.789490859375,2536.789490859375,False,False,True,False,False,correct
0.0,0.0,gpt2,1,64,fp32,adamw,1300,2409.59,2348.879158203125,2670.0,2536.789490859375,2536.789490859375,False,False,True,False,False,correct
0.0,0.0,gpt2,1,64,fp32,adamw,1400,2409.59,2348.879158203125,2670.0,2536.789490859375,2536.789490859375,False,False,True,False,False,correct
0.0,0.0,gpt2,1,64,fp32,adamw,1500,2409.59,2348.879158203125,2670.0,2536.789490859375,2536.789490859375,False,False,True,False,False,correct
0.0,0.0,gpt2,1,64,fp32,adamw,1600,2409.59,2348.879158203125,2670.0,2536.789490859375,2536.789490859375,False,False,True,False,False,correct
0.0,0.0,gpt2,1,64,fp32,adamw,1700,2409.59,2348.879158203125,2670.0,2536.789490859375,2536.789490859375,False,False,True,False,False,correct
0.0,0.0,gpt2,1,64,fp32,adamw,1800,2409.59,2348.879158203125,2670.0,2536.789490859375,2536.789490859375,False,False,True,False,False,correct
0.0,0.0,gpt2,1,64,fp32,adamw,1900,2409.59,2348.879158203125,2670.0,2536.789490859375,2536.789490859375,False,False,True,False,False,correct
0.0,0.0,gpt2,1,64,fp32,adamw,2000,2409.59,2348.879158203125,2670.0,2536.789490859375,2536.789490859375,False,False,True,False,False,correct
0.0,0.0,gpt2,1,64,fp32,adamw,2048,2409.59,2348.879158203125,2670.0,2536.789490859375,2536.789490859375,False,False,True,False,False,correct
0.0,0.0,gpt2,1,64,fp32,adamw,2200,2409.59,2348.879158203125,2670.0,2536.789490859375,2536.789490859375,False,False,True,False,False,correct
0.0,0.0,gpt2,1,64,fp32,adamw,2400,2409.59,2348.879158203125,2670.0,2536.789490859375,2536.789490859375,False,False,True,False,False,correct
0.0,0.0,gpt2,1,64,fp32,adamw,2600,2409.59,2348.879158203125,2670.0,2536.789490859375,2536.789490859375,False,True,False,True,False,dangerous_underprediction
0.0,0.0,gpt2,1,64,fp32,adamw,2800,2409.59,2348.879158203125,2670.0,2536.789490859375,2536.789490859375,True,True,True,False,False,correct
0.0,0.0,gpt2,1,64,fp32,adamw,3072,2409.59,2348.879158203125,2670.0,2536.789490859375,2536.789490859375,True,True,True,False,False,correct
0.0,0.0,gpt2,1,64,fp32,adamw,4096,2409.59,2348.879158203125,2670.0,2536.789490859375,2536.789490859375,True,True,True,False,False,correct
0.0,0.0,gpt2,1,64,fp32,adamw,8192,2409.59,2348.879158203125,2670.0,2536.789490859375,2536.789490859375,True,True,True,False,False,correct
0.0,0.0,gpt2,1,128,fp32,adamw,768,2422.73,2470.402408203125,2634.0,2668.034600859375,2668.034600859375,False,False,True,False,False,correct
0.0,0.0,gpt2,1,128,fp32,adamw,1024,2422.73,2470.402408203125,2634.0,2668.034600859375,2668.034600859375,False,False,True,False,False,correct
0.0,0.0,gpt2,1,128,fp32,adamw,1200,2422.73,2470.402408203125,2634.0,2668.034600859375,2668.034600859375,False,False,True,False,False,correct
0.0,0.0,gpt2,1,128,fp32,adamw,1300,2422.73,2470.402408203125,2634.0,2668.034600859375,2668.034600859375,False,False,True,False,False,correct
0.0,0.0,gpt2,1,128,fp32,adamw,1400,2422.73,2470.402408203125,2634.0,2668.034600859375,2668.034600859375,False,False,True,False,False,correct
0.0,0.0,gpt2,1,128,fp32,adamw,1500,2422.73,2470.402408203125,2634.0,2668.034600859375,2668.034600859375,False,False,True,False,False,correct
0.0,0.0,gpt2,1,128,fp32,adamw,1600,2422.73,2470.402408203125,2634.0,2668.034600859375,2668.034600859375,False,False,True,False,False,correct
0.0,0.0,gpt2,1,128,fp32,adamw,1700,2422.73,2470.402408203125,2634.0,2668.034600859375,2668.034600859375,False,False,True,False,False,correct
0.0,0.0,gpt2,1,128,fp32,adamw,1800,2422.73,2470.402408203125,2634.0,2668.034600859375,2668.034600859375,False,False,True,False,False,correct
0.0,0.0,gpt2,1,128,fp32,adamw,1900,2422.73,2470.402408203125,2634.0,2668.034600859375,2668.034600859375,False,False,True,False,False,correct
0.0,0.0,gpt2,1,128,fp32,adamw,2000,2422.73,2470.402408203125,2634.0,2668.034600859375,2668.034600859375,False,False,True,False,False,correct
0.0,0.0,gpt2,1,128,fp32,adamw,2048,2422.73,2470.402408203125,2634.0,2668.034600859375,2668.034600859375,False,False,True,False,False,correct
0.0,0.0,gpt2,1,128,fp32,adamw,2200,2422.73,2470.402408203125,2634.0,2668.034600859375,2668.034600859375,False,False,True,False,False,correct
0.0,0.0,gpt2,1,128,fp32,adamw,2400,2422.73,2470.402408203125,2634.0,2668.034600859375,2668.034600859375,False,False,True,False,False,correct
0.0,0.0,gpt2,1,128,fp32,adamw,2600,2422.73,2470.402408203125,2634.0,2668.034600859375,2668.034600859375,False,False,True,False,False,correct
0.0,0.0,gpt2,1,128,fp32,adamw,2800,2422.73,2470.402408203125,2634.0,2668.034600859375,2668.034600859375,True,True,True,False,False,correct
0.0,0.0,gpt2,1,128,fp32,adamw,3072,2422.73,2470.402408203125,2634.0,2668.034600859375,2668.034600859375,True,True,True,False,False,correct
0.0,0.0,gpt2,1,128,fp32,adamw,4096,2422.73,2470.402408203125,2634.0,2668.034600859375,2668.034600859375,True,True,True,False,False,correct
0.0,0.0,gpt2,1,128,fp32,adamw,8192,2422.73,2470.402408203125,2634.0,2668.034600859375,2668.034600859375,True,True,True,False,False,correct
0.02,2.0,distilgpt2,1,32,fp32,adamw,768,1592.43,1512.9896855468749,1700.0,1634.028860390625,1666.7094375984375,False,False,True,False,False,correct
0.02,2.0,distilgpt2,1,32,fp32,adamw,1024,1592.43,1512.9896855468749,1700.0,1634.028860390625,1666.7094375984375,False,False,True,False,False,correct
0.02,2.0,distilgpt2,1,32,fp32,adamw,1200,1592.43,1512.9896855468749,1700.0,1634.028860390625,1666.7094375984375,False,False,True,False,False,correct
0.02,2.0,distilgpt2,1,32,fp32,adamw,1300,1592.43,1512.9896855468749,1700.0,1634.028860390625,1666.7094375984375,False,False,True,False,False,correct
0.02,2.0,distilgpt2,1,32,fp32,adamw,1400,1592.43,1512.9896855468749,1700.0,1634.028860390625,1666.7094375984375,False,False,True,False,False,correct
0.02,2.0,distilgpt2,1,32,fp32,adamw,1500,1592.43,1512.9896855468749,1700.0,1634.028860390625,1666.7094375984375,False,False,True,False,False,correct
0.02,2.0,distilgpt2,1,32,fp32,adamw,1600,1592.43,1512.9896855468749,1700.0,1634.028860390625,1666.7094375984375,False,False,True,False,False,correct
0.02,2.0,distilgpt2,1,32,fp32,adamw,1700,1592.43,1512.9896855468749,1700.0,1634.028860390625,1666.7094375984375,True,True,True,False,False,correct
0.02,2.0,distilgpt2,1,32,fp32,adamw,1800,1592.43,1512.9896855468749,1700.0,1634.028860390625,1666.7094375984375,True,True,True,False,False,correct
0.02,2.0,distilgpt2,1,32,fp32,adamw,1900,1592.43,1512.9896855468749,1700.0,1634.028860390625,1666.7094375984375,True,True,True,False,False,correct
0.02,2.0,distilgpt2,1,32,fp32,adamw,2000,1592.43,1512.9896855468749,1700.0,1634.028860390625,1666.7094375984375,True,True,True,False,False,correct
0.02,2.0,distilgpt2,1,32,fp32,adamw,2048,1592.43,1512.9896855468749,1700.0,1634.028860390625,1666.7094375984375,True,True,True,False,False,correct
0.02,2.0,distilgpt2,1,32,fp32,adamw,2200,1592.43,1512.9896855468749,1700.0,1634.028860390625,1666.7094375984375,True,True,True,False,False,correct
0.02,2.0,distilgpt2,1,32,fp32,adamw,2400,1592.43,1512.9896855468749,1700.0,1634.028860390625,1666.7094375984375,True,True,True,False,False,correct
0.02,2.0,distilgpt2,1,32,fp32,adamw,2600,1592.43,1512.9896855468749,1700.0,1634.028860390625,1666.7094375984375,True,True,True,False,False,correct
0.02,2.0,distilgpt2,1,32,fp32,adamw,2800,1592.43,1512.9896855468749,1700.0,1634.028860390625,1666.7094375984375,True,True,True,False,False,correct
0.02,2.0,distilgpt2,1,32,fp32,adamw,3072,1592.43,1512.9896855468749,1700.0,1634.028860390625,1666.7094375984375,True,True,True,False,False,correct
0.02,2.0,distilgpt2,1,32,fp32,adamw,4096,1592.43,1512.9896855468749,1700.0,1634.028860390625,1666.7094375984375,True,True,True,False,False,correct
0.02,2.0,distilgpt2,1,32,fp32,adamw,8192,1592.43,1512.9896855468749,1700.0,1634.028860390625,1666.7094375984375,True,True,True,False,False,correct
0.02,2.0,distilgpt2,1,64,fp32,adamw,768,1600.69,1552.9860605468748,1738.0,1677.2249453906247,1710.7694442984373,False,False,True,False,False,correct
0.02,2.0,distilgpt2,1,64,fp32,adamw,1024,1600.69,1552.9860605468748,1738.0,1677.2249453906247,1710.7694442984373,False,False,True,False,False,correct
0.02,2.0,distilgpt2,1,64,fp32,adamw,1200,1600.69,1552.9860605468748,1738.0,1677.2249453906247,1710.7694442984373,False,False,True,False,False,correct
0.02,2.0,distilgpt2,1,64,fp32,adamw,1300,1600.69,1552.9860605468748,1738.0,1677.2249453906247,1710.7694442984373,False,False,True,False,False,correct
0.02,2.0,distilgpt2,1,64,fp32,adamw,1400,1600.69,1552.9860605468748,1738.0,1677.2249453906247,1710.7694442984373,False,False,True,False,False,correct
0.02,2.0,distilgpt2,1,64,fp32,adamw,1500,1600.69,1552.9860605468748,1738.0,1677.2249453906247,1710.7694442984373,False,False,True,False,False,correct
0.02,2.0,distilgpt2,1,64,fp32,adamw,1600,1600.69,1552.9860605468748,1738.0,1677.2249453906247,1710.7694442984373,False,False,True,False,False,correct
0.02,2.0,distilgpt2,1,64,fp32,adamw,1700,1600.69,1552.9860605468748,1738.0,1677.2249453906247,1710.7694442984373,False,False,True,False,False,correct
0.02,2.0,distilgpt2,1,64,fp32,adamw,1800,1600.69,1552.9860605468748,1738.0,1677.2249453906247,1710.7694442984373,True,True,True,False,False,correct
0.02,2.0,distilgpt2,1,64,fp32,adamw,1900,1600.69,1552.9860605468748,1738.0,1677.2249453906247,1710.7694442984373,True,True,True,False,False,correct
0.02,2.0,distilgpt2,1,64,fp32,adamw,2000,1600.69,1552.9860605468748,1738.0,1677.2249453906247,1710.7694442984373,True,True,True,False,False,correct
0.02,2.0,distilgpt2,1,64,fp32,adamw,2048,1600.69,1552.9860605468748,1738.0,1677.2249453906247,1710.7694442984373,True,True,True,False,False,correct
0.02,2.0,distilgpt2,1,64,fp32,adamw,2200,1600.69,1552.9860605468748,1738.0,1677.2249453906247,1710.7694442984373,True,True,True,False,False,correct
0.02,2.0,distilgpt2,1,64,fp32,adamw,2400,1600.69,1552.9860605468748,1738.0,1677.2249453906247,1710.7694442984373,True,True,True,False,False,correct
0.02,2.0,distilgpt2,1,64,fp32,adamw,2600,1600.69,1552.9860605468748,1738.0,1677.2249453906247,1710.7694442984373,True,True,True,False,False,correct
0.02,2.0,distilgpt2,1,64,fp32,adamw,2800,1600.69,1552.9860605468748,1738.0,1677.2249453906247,1710.7694442984373,True,True,True,False,False,correct
0.02,2.0,distilgpt2,1,64,fp32,adamw,3072,1600.69,1552.9860605468748,1738.0,1677.2249453906247,1710.7694442984373,True,True,True,False,False,correct
0.02,2.0,distilgpt2,1,64,fp32,adamw,4096,1600.69,1552.9860605468748,1738.0,1677.2249453906247,1710.7694442984373,True,True,True,False,False,correct
0.02,2.0,distilgpt2,1,64,fp32,adamw,8192,1600.69,1552.9860605468748,1738.0,1677.2249453906247,1710.7694442984373,True,True,True,False,False,correct
0.02,2.0,distilgpt2,1,128,fp32,adamw,768,1616.71,1632.978810546875,1726.0,1763.6171153906248,1798.8894576984374,False,False,True,False,False,correct
0.02,2.0,distilgpt2,1,128,fp32,adamw,1024,1616.71,1632.978810546875,1726.0,1763.6171153906248,1798.8894576984374,False,False,True,False,False,correct
0.02,2.0,distilgpt2,1,128,fp32,adamw,1200,1616.71,1632.978810546875,1726.0,1763.6171153906248,1798.8894576984374,False,False,True,False,False,correct
0.02,2.0,distilgpt2,1,128,fp32,adamw,1300,1616.71,1632.978810546875,1726.0,1763.6171153906248,1798.8894576984374,False,False,True,False,False,correct
0.02,2.0,distilgpt2,1,128,fp32,adamw,1400,1616.71,1632.978810546875,1726.0,1763.6171153906248,1798.8894576984374,False,False,True,False,False,correct
0.02,2.0,distilgpt2,1,128,fp32,adamw,1500,1616.71,1632.978810546875,1726.0,1763.6171153906248,1798.8894576984374,False,False,True,False,False,correct
0.02,2.0,distilgpt2,1,128,fp32,adamw,1600,1616.71,1632.978810546875,1726.0,1763.6171153906248,1798.8894576984374,False,False,True,False,False,correct
0.02,2.0,distilgpt2,1,128,fp32,adamw,1700,1616.71,1632.978810546875,1726.0,1763.6171153906248,1798.8894576984374,False,False,True,False,False,correct
0.02,2.0,distilgpt2,1,128,fp32,adamw,1800,1616.71,1632.978810546875,1726.0,1763.6171153906248,1798.8894576984374,True,True,True,False,False,correct
0.02,2.0,distilgpt2,1,128,fp32,adamw,1900,1616.71,1632.978810546875,1726.0,1763.6171153906248,1798.8894576984374,True,True,True,False,False,correct
0.02,2.0,distilgpt2,1,128,fp32,adamw,2000,1616.71,1632.978810546875,1726.0,1763.6171153906248,1798.8894576984374,True,True,True,False,False,correct
0.02,2.0,distilgpt2,1,128,fp32,adamw,2048,1616.71,1632.978810546875,1726.0,1763.6171153906248,1798.8894576984374,True,True,True,False,False,correct
0.02,2.0,distilgpt2,1,128,fp32,adamw,2200,1616.71,1632.978810546875,1726.0,1763.6171153906248,1798.8894576984374,True,True,True,False,False,correct
0.02,2.0,distilgpt2,1,128,fp32,adamw,2400,1616.71,1632.978810546875,1726.0,1763.6171153906248,1798.8894576984374,True,True,True,False,False,correct
0.02,2.0,distilgpt2,1,128,fp32,adamw,2600,1616.71,1632.978810546875,1726.0,1763.6171153906248,1798.8894576984374,True,True,True,False,False,correct
0.02,2.0,distilgpt2,1,128,fp32,adamw,2800,1616.71,1632.978810546875,1726.0,1763.6171153906248,1798.8894576984374,True,True,True,False,False,correct
0.02,2.0,distilgpt2,1,128,fp32,adamw,3072,1616.71,1632.978810546875,1726.0,1763.6171153906248,1798.8894576984374,True,True,True,False,False,correct
0.02,2.0,distilgpt2,1,128,fp32,adamw,4096,1616.71,1632.978810546875,1726.0,1763.6171153906248,1798.8894576984374,True,True,True,False,False,correct
0.02,2.0,distilgpt2,1,128,fp32,adamw,8192,1616.71,1632.978810546875,1726.0,1763.6171153906248,1798.8894576984374,True,True,True,False,False,correct
0.02,2.0,distilgpt2,1,64,fp32,adamw,768,1600.19,1552.9860605468748,1738.0,1677.2249453906247,1710.7694442984373,False,False,True,False,False,correct
0.02,2.0,distilgpt2,1,64,fp32,adamw,1024,1600.19,1552.9860605468748,1738.0,1677.2249453906247,1710.7694442984373,False,False,True,False,False,correct
0.02,2.0,distilgpt2,1,64,fp32,adamw,1200,1600.19,1552.9860605468748,1738.0,1677.2249453906247,1710.7694442984373,False,False,True,False,False,correct
0.02,2.0,distilgpt2,1,64,fp32,adamw,1300,1600.19,1552.9860605468748,1738.0,1677.2249453906247,1710.7694442984373,False,False,True,False,False,correct
0.02,2.0,distilgpt2,1,64,fp32,adamw,1400,1600.19,1552.9860605468748,1738.0,1677.2249453906247,1710.7694442984373,False,False,True,False,False,correct
0.02,2.0,distilgpt2,1,64,fp32,adamw,1500,1600.19,1552.9860605468748,1738.0,1677.2249453906247,1710.7694442984373,False,False,True,False,False,correct
0.02,2.0,distilgpt2,1,64,fp32,adamw,1600,1600.19,1552.9860605468748,1738.0,1677.2249453906247,1710.7694442984373,False,False,True,False,False,correct
0.02,2.0,distilgpt2,1,64,fp32,adamw,1700,1600.19,1552.9860605468748,1738.0,1677.2249453906247,1710.7694442984373,False,False,True,False,False,correct
0.02,2.0,distilgpt2,1,64,fp32,adamw,1800,1600.19,1552.9860605468748,1738.0,1677.2249453906247,1710.7694442984373,True,True,True,False,False,correct
0.02,2.0,distilgpt2,1,64,fp32,adamw,1900,1600.19,1552.9860605468748,1738.0,1677.2249453906247,1710.7694442984373,True,True,True,False,False,correct
0.02,2.0,distilgpt2,1,64,fp32,adamw,2000,1600.19,1552.9860605468748,1738.0,1677.2249453906247,1710.7694442984373,True,True,True,False,False,correct
0.02,2.0,distilgpt2,1,64,fp32,adamw,2048,1600.19,1552.9860605468748,1738.0,1677.2249453906247,1710.7694442984373,True,True,True,False,False,correct
0.02,2.0,distilgpt2,1,64,fp32,adamw,2200,1600.19,1552.9860605468748,1738.0,1677.2249453906247,1710.7694442984373,True,True,True,False,False,correct
0.02,2.0,distilgpt2,1,64,fp32,adamw,2400,1600.19,1552.9860605468748,1738.0,1677.2249453906247,1710.7694442984373,True,True,True,False,False,correct
0.02,2.0,distilgpt2,1,64,fp32,adamw,2600,1600.19,1552.9860605468748,1738.0,1677.2249453906247,1710.7694442984373,True,True,True,False,False,correct
0.02,2.0,distilgpt2,1,64,fp32,adamw,2800,1600.19,1552.9860605468748,1738.0,1677.2249453906247,1710.7694442984373,True,True,True,False,False,correct
0.02,2.0,distilgpt2,1,64,fp32,adamw,3072,1600.19,1552.9860605468748,1738.0,1677.2249453906247,1710.7694442984373,True,True,True,False,False,correct
0.02,2.0,distilgpt2,1,64,fp32,adamw,4096,1600.19,1552.9860605468748,1738.0,1677.2249453906247,1710.7694442984373,True,True,True,False,False,correct
0.02,2.0,distilgpt2,1,64,fp32,adamw,8192,1600.19,1552.9860605468748,1738.0,1677.2249453906247,1710.7694442984373,True,True,True,False,False,correct
0.02,2.0,distilgpt2,2,64,fp32,adamw,768,1616.21,1632.978810546875,1726.0,1763.6171153906248,1798.8894576984374,False,False,True,False,False,correct
0.02,2.0,distilgpt2,2,64,fp32,adamw,1024,1616.21,1632.978810546875,1726.0,1763.6171153906248,1798.8894576984374,False,False,True,False,False,correct
0.02,2.0,distilgpt2,2,64,fp32,adamw,1200,1616.21,1632.978810546875,1726.0,1763.6171153906248,1798.8894576984374,False,False,True,False,False,correct
0.02,2.0,distilgpt2,2,64,fp32,adamw,1300,1616.21,1632.978810546875,1726.0,1763.6171153906248,1798.8894576984374,False,False,True,False,False,correct
0.02,2.0,distilgpt2,2,64,fp32,adamw,1400,1616.21,1632.978810546875,1726.0,1763.6171153906248,1798.8894576984374,False,False,True,False,False,correct
0.02,2.0,distilgpt2,2,64,fp32,adamw,1500,1616.21,1632.978810546875,1726.0,1763.6171153906248,1798.8894576984374,False,False,True,False,False,correct
0.02,2.0,distilgpt2,2,64,fp32,adamw,1600,1616.21,1632.978810546875,1726.0,1763.6171153906248,1798.8894576984374,False,False,True,False,False,correct
0.02,2.0,distilgpt2,2,64,fp32,adamw,1700,1616.21,1632.978810546875,1726.0,1763.6171153906248,1798.8894576984374,False,False,True,False,False,correct
0.02,2.0,distilgpt2,2,64,fp32,adamw,1800,1616.21,1632.978810546875,1726.0,1763.6171153906248,1798.8894576984374,True,True,True,False,False,correct
0.02,2.0,distilgpt2,2,64,fp32,adamw,1900,1616.21,1632.978810546875,1726.0,1763.6171153906248,1798.8894576984374,True,True,True,False,False,correct
0.02,2.0,distilgpt2,2,64,fp32,adamw,2000,1616.21,1632.978810546875,1726.0,1763.6171153906248,1798.8894576984374,True,True,True,False,False,correct
0.02,2.0,distilgpt2,2,64,fp32,adamw,2048,1616.21,1632.978810546875,1726.0,1763.6171153906248,1798.8894576984374,True,True,True,False,False,correct
0.02,2.0,distilgpt2,2,64,fp32,adamw,2200,1616.21,1632.978810546875,1726.0,1763.6171153906248,1798.8894576984374,True,True,True,False,False,correct
0.02,2.0,distilgpt2,2,64,fp32,adamw,2400,1616.21,1632.978810546875,1726.0,1763.6171153906248,1798.8894576984374,True,True,True,False,False,correct
0.02,2.0,distilgpt2,2,64,fp32,adamw,2600,1616.21,1632.978810546875,1726.0,1763.6171153906248,1798.8894576984374,True,True,True,False,False,correct
0.02,2.0,distilgpt2,2,64,fp32,adamw,2800,1616.21,1632.978810546875,1726.0,1763.6171153906248,1798.8894576984374,True,True,True,False,False,correct
0.02,2.0,distilgpt2,2,64,fp32,adamw,3072,1616.21,1632.978810546875,1726.0,1763.6171153906248,1798.8894576984374,True,True,True,False,False,correct
0.02,2.0,distilgpt2,2,64,fp32,adamw,4096,1616.21,1632.978810546875,1726.0,1763.6171153906248,1798.8894576984374,True,True,True,False,False,correct
0.02,2.0,distilgpt2,2,64,fp32,adamw,8192,1616.21,1632.978810546875,1726.0,1763.6171153906248,1798.8894576984374,True,True,True,False,False,correct
0.02,2.0,distilgpt2,4,64,fp32,adamw,768,1648.43,1792.964310546875,1768.0,1936.401455390625,1975.1294844984375,False,False,True,False,False,correct
0.02,2.0,distilgpt2,4,64,fp32,adamw,1024,1648.43,1792.964310546875,1768.0,1936.401455390625,1975.1294844984375,False,False,True,False,False,correct
0.02,2.0,distilgpt2,4,64,fp32,adamw,1200,1648.43,1792.964310546875,1768.0,1936.401455390625,1975.1294844984375,False,False,True,False,False,correct
0.02,2.0,distilgpt2,4,64,fp32,adamw,1300,1648.43,1792.964310546875,1768.0,1936.401455390625,1975.1294844984375,False,False,True,False,False,correct
0.02,2.0,distilgpt2,4,64,fp32,adamw,1400,1648.43,1792.964310546875,1768.0,1936.401455390625,1975.1294844984375,False,False,True,False,False,correct
0.02,2.0,distilgpt2,4,64,fp32,adamw,1500,1648.43,1792.964310546875,1768.0,1936.401455390625,1975.1294844984375,False,False,True,False,False,correct
0.02,2.0,distilgpt2,4,64,fp32,adamw,1600,1648.43,1792.964310546875,1768.0,1936.401455390625,1975.1294844984375,False,False,True,False,False,correct
0.02,2.0,distilgpt2,4,64,fp32,adamw,1700,1648.43,1792.964310546875,1768.0,1936.401455390625,1975.1294844984375,False,False,True,False,False,correct
0.02,2.0,distilgpt2,4,64,fp32,adamw,1800,1648.43,1792.964310546875,1768.0,1936.401455390625,1975.1294844984375,True,False,False,False,True,conservative_overprediction
0.02,2.0,distilgpt2,4,64,fp32,adamw,1900,1648.43,1792.964310546875,1768.0,1936.401455390625,1975.1294844984375,True,False,False,False,True,conservative_overprediction
0.02,2.0,distilgpt2,4,64,fp32,adamw,2000,1648.43,1792.964310546875,1768.0,1936.401455390625,1975.1294844984375,True,True,True,False,False,correct
0.02,2.0,distilgpt2,4,64,fp32,adamw,2048,1648.43,1792.964310546875,1768.0,1936.401455390625,1975.1294844984375,True,True,True,False,False,correct
0.02,2.0,distilgpt2,4,64,fp32,adamw,2200,1648.43,1792.964310546875,1768.0,1936.401455390625,1975.1294844984375,True,True,True,False,False,correct
0.02,2.0,distilgpt2,4,64,fp32,adamw,2400,1648.43,1792.964310546875,1768.0,1936.401455390625,1975.1294844984375,True,True,True,False,False,correct
0.02,2.0,distilgpt2,4,64,fp32,adamw,2600,1648.43,1792.964310546875,1768.0,1936.401455390625,1975.1294844984375,True,True,True,False,False,correct
0.02,2.0,distilgpt2,4,64,fp32,adamw,2800,1648.43,1792.964310546875,1768.0,1936.401455390625,1975.1294844984375,True,True,True,False,False,correct
0.02,2.0,distilgpt2,4,64,fp32,adamw,3072,1648.43,1792.964310546875,1768.0,1936.401455390625,1975.1294844984375,True,True,True,False,False,correct
0.02,2.0,distilgpt2,4,64,fp32,adamw,4096,1648.43,1792.964310546875,1768.0,1936.401455390625,1975.1294844984375,True,True,True,False,False,correct
0.02,2.0,distilgpt2,4,64,fp32,adamw,8192,1648.43,1792.964310546875,1768.0,1936.401455390625,1975.1294844984375,True,True,True,False,False,correct
0.02,2.0,distilgpt2,1,64,fp32,sgd,768,956.49,928.042701171875,1030.0,1002.2861172656252,1022.3318396109377,False,False,True,False,False,correct
0.02,2.0,distilgpt2,1,64,fp32,sgd,1024,956.49,928.042701171875,1030.0,1002.2861172656252,1022.3318396109377,False,True,False,True,False,dangerous_underprediction
0.02,2.0,distilgpt2,1,64,fp32,sgd,1200,956.49,928.042701171875,1030.0,1002.2861172656252,1022.3318396109377,True,True,True,False,False,correct
0.02,2.0,distilgpt2,1,64,fp32,sgd,1300,956.49,928.042701171875,1030.0,1002.2861172656252,1022.3318396109377,True,True,True,False,False,correct
0.02,2.0,distilgpt2,1,64,fp32,sgd,1400,956.49,928.042701171875,1030.0,1002.2861172656252,1022.3318396109377,True,True,True,False,False,correct
0.02,2.0,distilgpt2,1,64,fp32,sgd,1500,956.49,928.042701171875,1030.0,1002.2861172656252,1022.3318396109377,True,True,True,False,False,correct
0.02,2.0,distilgpt2,1,64,fp32,sgd,1600,956.49,928.042701171875,1030.0,1002.2861172656252,1022.3318396109377,True,True,True,False,False,correct
0.02,2.0,distilgpt2,1,64,fp32,sgd,1700,956.49,928.042701171875,1030.0,1002.2861172656252,1022.3318396109377,True,True,True,False,False,correct
0.02,2.0,distilgpt2,1,64,fp32,sgd,1800,956.49,928.042701171875,1030.0,1002.2861172656252,1022.3318396109377,True,True,True,False,False,correct
0.02,2.0,distilgpt2,1,64,fp32,sgd,1900,956.49,928.042701171875,1030.0,1002.2861172656252,1022.3318396109377,True,True,True,False,False,correct
0.02,2.0,distilgpt2,1,64,fp32,sgd,2000,956.49,928.042701171875,1030.0,1002.2861172656252,1022.3318396109377,True,True,True,False,False,correct
0.02,2.0,distilgpt2,1,64,fp32,sgd,2048,956.49,928.042701171875,1030.0,1002.2861172656252,1022.3318396109377,True,True,True,False,False,correct
0.02,2.0,distilgpt2,1,64,fp32,sgd,2200,956.49,928.042701171875,1030.0,1002.2861172656252,1022.3318396109377,True,True,True,False,False,correct
0.02,2.0,distilgpt2,1,64,fp32,sgd,2400,956.49,928.042701171875,1030.0,1002.2861172656252,1022.3318396109377,True,True,True,False,False,correct
0.02,2.0,distilgpt2,1,64,fp32,sgd,2600,956.49,928.042701171875,1030.0,1002.2861172656252,1022.3318396109377,True,True,True,False,False,correct
0.02,2.0,distilgpt2,1,64,fp32,sgd,2800,956.49,928.042701171875,1030.0,1002.2861172656252,1022.3318396109377,True,True,True,False,False,correct
0.02,2.0,distilgpt2,1,64,fp32,sgd,3072,956.49,928.042701171875,1030.0,1002.2861172656252,1022.3318396109377,True,True,True,False,False,correct
0.02,2.0,distilgpt2,1,64,fp32,sgd,4096,956.49,928.042701171875,1030.0,1002.2861172656252,1022.3318396109377,True,True,True,False,False,correct
0.02,2.0,distilgpt2,1,64,fp32,sgd,8192,956.49,928.042701171875,1030.0,1002.2861172656252,1022.3318396109377,True,True,True,False,False,correct
0.02,2.0,distilgpt2,1,64,fp32,adamw,768,1600.94,1552.9860605468748,1738.0,1677.2249453906247,1710.7694442984373,False,False,True,False,False,correct
0.02,2.0,distilgpt2,1,64,fp32,adamw,1024,1600.94,1552.9860605468748,1738.0,1677.2249453906247,1710.7694442984373,False,False,True,False,False,correct
0.02,2.0,distilgpt2,1,64,fp32,adamw,1200,1600.94,1552.9860605468748,1738.0,1677.2249453906247,1710.7694442984373,False,False,True,False,False,correct
0.02,2.0,distilgpt2,1,64,fp32,adamw,1300,1600.94,1552.9860605468748,1738.0,1677.2249453906247,1710.7694442984373,False,False,True,False,False,correct
0.02,2.0,distilgpt2,1,64,fp32,adamw,1400,1600.94,1552.9860605468748,1738.0,1677.2249453906247,1710.7694442984373,False,False,True,False,False,correct
0.02,2.0,distilgpt2,1,64,fp32,adamw,1500,1600.94,1552.9860605468748,1738.0,1677.2249453906247,1710.7694442984373,False,False,True,False,False,correct
0.02,2.0,distilgpt2,1,64,fp32,adamw,1600,1600.94,1552.9860605468748,1738.0,1677.2249453906247,1710.7694442984373,False,False,True,False,False,correct
0.02,2.0,distilgpt2,1,64,fp32,adamw,1700,1600.94,1552.9860605468748,1738.0,1677.2249453906247,1710.7694442984373,False,False,True,False,False,correct
0.02,2.0,distilgpt2,1,64,fp32,adamw,1800,1600.94,1552.9860605468748,1738.0,1677.2249453906247,1710.7694442984373,True,True,True,False,False,correct
0.02,2.0,distilgpt2,1,64,fp32,adamw,1900,1600.94,1552.9860605468748,1738.0,1677.2249453906247,1710.7694442984373,True,True,True,False,False,correct
0.02,2.0,distilgpt2,1,64,fp32,adamw,2000,1600.94,1552.9860605468748,1738.0,1677.2249453906247,1710.7694442984373,True,True,True,False,False,correct
0.02,2.0,distilgpt2,1,64,fp32,adamw,2048,1600.94,1552.9860605468748,1738.0,1677.2249453906247,1710.7694442984373,True,True,True,False,False,correct
0.02,2.0,distilgpt2,1,64,fp32,adamw,2200,1600.94,1552.9860605468748,1738.0,1677.2249453906247,1710.7694442984373,True,True,True,False,False,correct
0.02,2.0,distilgpt2,1,64,fp32,adamw,2400,1600.94,1552.9860605468748,1738.0,1677.2249453906247,1710.7694442984373,True,True,True,False,False,correct
0.02,2.0,distilgpt2,1,64,fp32,adamw,2600,1600.94,1552.9860605468748,1738.0,1677.2249453906247,1710.7694442984373,True,True,True,False,False,correct
0.02,2.0,distilgpt2,1,64,fp32,adamw,2800,1600.94,1552.9860605468748,1738.0,1677.2249453906247,1710.7694442984373,True,True,True,False,False,correct
0.02,2.0,distilgpt2,1,64,fp32,adamw,3072,1600.94,1552.9860605468748,1738.0,1677.2249453906247,1710.7694442984373,True,True,True,False,False,correct
0.02,2.0,distilgpt2,1,64,fp32,adamw,4096,1600.94,1552.9860605468748,1738.0,1677.2249453906247,1710.7694442984373,True,True,True,False,False,correct
0.02,2.0,distilgpt2,1,64,fp32,adamw,8192,1600.94,1552.9860605468748,1738.0,1677.2249453906247,1710.7694442984373,True,True,True,False,False,correct
0.02,2.0,gpt2,1,32,fp32,sgd,768,1271.56,1196.307083984375,1388.0,1292.0116507031248,1317.8518837171873,False,False,True,False,False,correct
0.02,2.0,gpt2,1,32,fp32,sgd,1024,1271.56,1196.307083984375,1388.0,1292.0116507031248,1317.8518837171873,False,False,True,False,False,correct
0.02,2.0,gpt2,1,32,fp32,sgd,1200,1271.56,1196.307083984375,1388.0,1292.0116507031248,1317.8518837171873,False,False,True,False,False,correct
0.02,2.0,gpt2,1,32,fp32,sgd,1300,1271.56,1196.307083984375,1388.0,1292.0116507031248,1317.8518837171873,False,False,True,False,False,correct
0.02,2.0,gpt2,1,32,fp32,sgd,1400,1271.56,1196.307083984375,1388.0,1292.0116507031248,1317.8518837171873,True,True,True,False,False,correct
0.02,2.0,gpt2,1,32,fp32,sgd,1500,1271.56,1196.307083984375,1388.0,1292.0116507031248,1317.8518837171873,True,True,True,False,False,correct
0.02,2.0,gpt2,1,32,fp32,sgd,1600,1271.56,1196.307083984375,1388.0,1292.0116507031248,1317.8518837171873,True,True,True,False,False,correct
0.02,2.0,gpt2,1,32,fp32,sgd,1700,1271.56,1196.307083984375,1388.0,1292.0116507031248,1317.8518837171873,True,True,True,False,False,correct
0.02,2.0,gpt2,1,32,fp32,sgd,1800,1271.56,1196.307083984375,1388.0,1292.0116507031248,1317.8518837171873,True,True,True,False,False,correct
0.02,2.0,gpt2,1,32,fp32,sgd,1900,1271.56,1196.307083984375,1388.0,1292.0116507031248,1317.8518837171873,True,True,True,False,False,correct
0.02,2.0,gpt2,1,32,fp32,sgd,2000,1271.56,1196.307083984375,1388.0,1292.0116507031248,1317.8518837171873,True,True,True,False,False,correct
0.02,2.0,gpt2,1,32,fp32,sgd,2048,1271.56,1196.307083984375,1388.0,1292.0116507031248,1317.8518837171873,True,True,True,False,False,correct
0.02,2.0,gpt2,1,32,fp32,sgd,2200,1271.56,1196.307083984375,1388.0,1292.0116507031248,1317.8518837171873,True,True,True,False,False,correct
0.02,2.0,gpt2,1,32,fp32,sgd,2400,1271.56,1196.307083984375,1388.0,1292.0116507031248,1317.8518837171873,True,True,True,False,False,correct
0.02,2.0,gpt2,1,32,fp32,sgd,2600,1271.56,1196.307083984375,1388.0,1292.0116507031248,1317.8518837171873,True,True,True,False,False,correct
0.02,2.0,gpt2,1,32,fp32,sgd,2800,1271.56,1196.307083984375,1388.0,1292.0116507031248,1317.8518837171873,True,True,True,False,False,correct
0.02,2.0,gpt2,1,32,fp32,sgd,3072,1271.56,1196.307083984375,1388.0,1292.0116507031248,1317.8518837171873,True,True,True,False,False,correct
0.02,2.0,gpt2,1,32,fp32,sgd,4096,1271.56,1196.307083984375,1388.0,1292.0116507031248,1317.8518837171873,True,True,True,False,False,correct
0.02,2.0,gpt2,1,32,fp32,sgd,8192,1271.56,1196.307083984375,1388.0,1292.0116507031248,1317.8518837171873,True,True,True,False,False,correct
0.02,2.0,gpt2,1,64,fp32,sgd,768,1279.2,1257.068708984375,1422.0,1357.634205703125,1384.7868898171876,False,False,True,False,False,correct
0.02,2.0,gpt2,1,64,fp32,sgd,1024,1279.2,1257.068708984375,1422.0,1357.634205703125,1384.7868898171876,False,False,True,False,False,correct
0.02,2.0,gpt2,1,64,fp32,sgd,1200,1279.2,1257.068708984375,1422.0,1357.634205703125,1384.7868898171876,False,False,True,False,False,correct
0.02,2.0,gpt2,1,64,fp32,sgd,1300,1279.2,1257.068708984375,1422.0,1357.634205703125,1384.7868898171876,False,False,True,False,False,correct
0.02,2.0,gpt2,1,64,fp32,sgd,1400,1279.2,1257.068708984375,1422.0,1357.634205703125,1384.7868898171876,False,True,False,True,False,dangerous_underprediction
0.02,2.0,gpt2,1,64,fp32,sgd,1500,1279.2,1257.068708984375,1422.0,1357.634205703125,1384.7868898171876,True,True,True,False,False,correct
0.02,2.0,gpt2,1,64,fp32,sgd,1600,1279.2,1257.068708984375,1422.0,1357.634205703125,1384.7868898171876,True,True,True,False,False,correct
0.02,2.0,gpt2,1,64,fp32,sgd,1700,1279.2,1257.068708984375,1422.0,1357.634205703125,1384.7868898171876,True,True,True,False,False,correct
0.02,2.0,gpt2,1,64,fp32,sgd,1800,1279.2,1257.068708984375,1422.0,1357.634205703125,1384.7868898171876,True,True,True,False,False,correct
0.02,2.0,gpt2,1,64,fp32,sgd,1900,1279.2,1257.068708984375,1422.0,1357.634205703125,1384.7868898171876,True,True,True,False,False,correct
0.02,2.0,gpt2,1,64,fp32,sgd,2000,1279.2,1257.068708984375,1422.0,1357.634205703125,1384.7868898171876,True,True,True,False,False,correct
0.02,2.0,gpt2,1,64,fp32,sgd,2048,1279.2,1257.068708984375,1422.0,1357.634205703125,1384.7868898171876,True,True,True,False,False,correct
0.02,2.0,gpt2,1,64,fp32,sgd,2200,1279.2,1257.068708984375,1422.0,1357.634205703125,1384.7868898171876,True,True,True,False,False,correct
0.02,2.0,gpt2,1,64,fp32,sgd,2400,1279.2,1257.068708984375,1422.0,1357.634205703125,1384.7868898171876,True,True,True,False,False,correct
0.02,2.0,gpt2,1,64,fp32,sgd,2600,1279.2,1257.068708984375,1422.0,1357.634205703125,1384.7868898171876,True,True,True,False,False,correct
0.02,2.0,gpt2,1,64,fp32,sgd,2800,1279.2,1257.068708984375,1422.0,1357.634205703125,1384.7868898171876,True,True,True,False,False,correct
0.02,2.0,gpt2,1,64,fp32,sgd,3072,1279.2,1257.068708984375,1422.0,1357.634205703125,1384.7868898171876,True,True,True,False,False,correct
0.02,2.0,gpt2,1,64,fp32,sgd,4096,1279.2,1257.068708984375,1422.0,1357.634205703125,1384.7868898171876,True,True,True,False,False,correct
0.02,2.0,gpt2,1,64,fp32,sgd,8192,1279.2,1257.068708984375,1422.0,1357.634205703125,1384.7868898171876,True,True,True,False,False,correct
0.02,2.0,gpt2,1,128,fp32,sgd,768,1292.34,1378.591958984375,1406.0,1488.879315703125,1518.6569020171876,False,False,True,False,False,correct
0.02,2.0,gpt2,1,128,fp32,sgd,1024,1292.34,1378.591958984375,1406.0,1488.879315703125,1518.6569020171876,False,False,True,False,False,correct
0.02,2.0,gpt2,1,128,fp32,sgd,1200,1292.34,1378.591958984375,1406.0,1488.879315703125,1518.6569020171876,False,False,True,False,False,correct
0.02,2.0,gpt2,1,128,fp32,sgd,1300,1292.34,1378.591958984375,1406.0,1488.879315703125,1518.6569020171876,False,False,True,False,False,correct
0.02,2.0,gpt2,1,128,fp32,sgd,1400,1292.34,1378.591958984375,1406.0,1488.879315703125,1518.6569020171876,False,False,True,False,False,correct
0.02,2.0,gpt2,1,128,fp32,sgd,1500,1292.34,1378.591958984375,1406.0,1488.879315703125,1518.6569020171876,True,False,False,False,True,conservative_overprediction
0.02,2.0,gpt2,1,128,fp32,sgd,1600,1292.34,1378.591958984375,1406.0,1488.879315703125,1518.6569020171876,True,True,True,False,False,correct
0.02,2.0,gpt2,1,128,fp32,sgd,1700,1292.34,1378.591958984375,1406.0,1488.879315703125,1518.6569020171876,True,True,True,False,False,correct
0.02,2.0,gpt2,1,128,fp32,sgd,1800,1292.34,1378.591958984375,1406.0,1488.879315703125,1518.6569020171876,True,True,True,False,False,correct
0.02,2.0,gpt2,1,128,fp32,sgd,1900,1292.34,1378.591958984375,1406.0,1488.879315703125,1518.6569020171876,True,True,True,False,False,correct
0.02,2.0,gpt2,1,128,fp32,sgd,2000,1292.34,1378.591958984375,1406.0,1488.879315703125,1518.6569020171876,True,True,True,False,False,correct
0.02,2.0,gpt2,1,128,fp32,sgd,2048,1292.34,1378.591958984375,1406.0,1488.879315703125,1518.6569020171876,True,True,True,False,False,correct
0.02,2.0,gpt2,1,128,fp32,sgd,2200,1292.34,1378.591958984375,1406.0,1488.879315703125,1518.6569020171876,True,True,True,False,False,correct
0.02,2.0,gpt2,1,128,fp32,sgd,2400,1292.34,1378.591958984375,1406.0,1488.879315703125,1518.6569020171876,True,True,True,False,False,correct
0.02,2.0,gpt2,1,128,fp32,sgd,2600,1292.34,1378.591958984375,1406.0,1488.879315703125,1518.6569020171876,True,True,True,False,False,correct
0.02,2.0,gpt2,1,128,fp32,sgd,2800,1292.34,1378.591958984375,1406.0,1488.879315703125,1518.6569020171876,True,True,True,False,False,correct
0.02,2.0,gpt2,1,128,fp32,sgd,3072,1292.34,1378.591958984375,1406.0,1488.879315703125,1518.6569020171876,True,True,True,False,False,correct
0.02,2.0,gpt2,1,128,fp32,sgd,4096,1292.34,1378.591958984375,1406.0,1488.879315703125,1518.6569020171876,True,True,True,False,False,correct
0.02,2.0,gpt2,1,128,fp32,sgd,8192,1292.34,1378.591958984375,1406.0,1488.879315703125,1518.6569020171876,True,True,True,False,False,correct
0.02,2.0,gpt2,1,32,fp32,adamw,768,2402.82,2288.1175332031253,2616.0,2471.166935859376,2520.5902745765634,False,False,True,False,False,correct
0.02,2.0,gpt2,1,32,fp32,adamw,1024,2402.82,2288.1175332031253,2616.0,2471.166935859376,2520.5902745765634,False,False,True,False,False,correct
0.02,2.0,gpt2,1,32,fp32,adamw,1200,2402.82,2288.1175332031253,2616.0,2471.166935859376,2520.5902745765634,False,False,True,False,False,correct
0.02,2.0,gpt2,1,32,fp32,adamw,1300,2402.82,2288.1175332031253,2616.0,2471.166935859376,2520.5902745765634,False,False,True,False,False,correct
0.02,2.0,gpt2,1,32,fp32,adamw,1400,2402.82,2288.1175332031253,2616.0,2471.166935859376,2520.5902745765634,False,False,True,False,False,correct
0.02,2.0,gpt2,1,32,fp32,adamw,1500,2402.82,2288.1175332031253,2616.0,2471.166935859376,2520.5902745765634,False,False,True,False,False,correct
0.02,2.0,gpt2,1,32,fp32,adamw,1600,2402.82,2288.1175332031253,2616.0,2471.166935859376,2520.5902745765634,False,False,True,False,False,correct
0.02,2.0,gpt2,1,32,fp32,adamw,1700,2402.82,2288.1175332031253,2616.0,2471.166935859376,2520.5902745765634,False,False,True,False,False,correct
0.02,2.0,gpt2,1,32,fp32,adamw,1800,2402.82,2288.1175332031253,2616.0,2471.166935859376,2520.5902745765634,False,False,True,False,False,correct
0.02,2.0,gpt2,1,32,fp32,adamw,1900,2402.82,2288.1175332031253,2616.0,2471.166935859376,2520.5902745765634,False,False,True,False,False,correct
0.02,2.0,gpt2,1,32,fp32,adamw,2000,2402.82,2288.1175332031253,2616.0,2471.166935859376,2520.5902745765634,False,False,True,False,False,correct
0.02,2.0,gpt2,1,32,fp32,adamw,2048,2402.82,2288.1175332031253,2616.0,2471.166935859376,2520.5902745765634,False,False,True,False,False,correct
0.02,2.0,gpt2,1,32,fp32,adamw,2200,2402.82,2288.1175332031253,2616.0,2471.166935859376,2520.5902745765634,False,False,True,False,False,correct
0.02,2.0,gpt2,1,32,fp32,adamw,2400,2402.82,2288.1175332031253,2616.0,2471.166935859376,2520.5902745765634,False,False,True,False,False,correct
0.02,2.0,gpt2,1,32,fp32,adamw,2600,2402.82,2288.1175332031253,2616.0,2471.166935859376,2520.5902745765634,False,True,False,True,False,dangerous_underprediction
0.02,2.0,gpt2,1,32,fp32,adamw,2800,2402.82,2288.1175332031253,2616.0,2471.166935859376,2520.5902745765634,True,True,True,False,False,correct
0.02,2.0,gpt2,1,32,fp32,adamw,3072,2402.82,2288.1175332031253,2616.0,2471.166935859376,2520.5902745765634,True,True,True,False,False,correct
0.02,2.0,gpt2,1,32,fp32,adamw,4096,2402.82,2288.1175332031253,2616.0,2471.166935859376,2520.5902745765634,True,True,True,False,False,correct
0.02,2.0,gpt2,1,32,fp32,adamw,8192,2402.82,2288.1175332031253,2616.0,2471.166935859376,2520.5902745765634,True,True,True,False,False,correct
0.02,2.0,gpt2,1,64,fp32,adamw,768,2409.59,2348.879158203125,2670.0,2536.789490859375,2587.5252806765625,False,False,True,False,False,correct
0.02,2.0,gpt2,1,64,fp32,adamw,1024,2409.59,2348.879158203125,2670.0,2536.789490859375,2587.5252806765625,False,False,True,False,False,correct
0.02,2.0,gpt2,1,64,fp32,adamw,1200,2409.59,2348.879158203125,2670.0,2536.789490859375,2587.5252806765625,False,False,True,False,False,correct
0.02,2.0,gpt2,1,64,fp32,adamw,1300,2409.59,2348.879158203125,2670.0,2536.789490859375,2587.5252806765625,False,False,True,False,False,correct
0.02,2.0,gpt2,1,64,fp32,adamw,1400,2409.59,2348.879158203125,2670.0,2536.789490859375,2587.5252806765625,False,False,True,False,False,correct
0.02,2.0,gpt2,1,64,fp32,adamw,1500,2409.59,2348.879158203125,2670.0,2536.789490859375,2587.5252806765625,False,False,True,False,False,correct
0.02,2.0,gpt2,1,64,fp32,adamw,1600,2409.59,2348.879158203125,2670.0,2536.789490859375,2587.5252806765625,False,False,True,False,False,correct
0.02,2.0,gpt2,1,64,fp32,adamw,1700,2409.59,2348.879158203125,2670.0,2536.789490859375,2587.5252806765625,False,False,True,False,False,correct
0.02,2.0,gpt2,1,64,fp32,adamw,1800,2409.59,2348.879158203125,2670.0,2536.789490859375,2587.5252806765625,False,False,True,False,False,correct
0.02,2.0,gpt2,1,64,fp32,adamw,1900,2409.59,2348.879158203125,2670.0,2536.789490859375,2587.5252806765625,False,False,True,False,False,correct
0.02,2.0,gpt2,1,64,fp32,adamw,2000,2409.59,2348.879158203125,2670.0,2536.789490859375,2587.5252806765625,False,False,True,False,False,correct
0.02,2.0,gpt2,1,64,fp32,adamw,2048,2409.59,2348.879158203125,2670.0,2536.789490859375,2587.5252806765625,False,False,True,False,False,correct
0.02,2.0,gpt2,1,64,fp32,adamw,2200,2409.59,2348.879158203125,2670.0,2536.789490859375,2587.5252806765625,False,False,True,False,False,correct
0.02,2.0,gpt2,1,64,fp32,adamw,2400,2409.59,2348.879158203125,2670.0,2536.789490859375,2587.5252806765625,False,False,True,False,False,correct
0.02,2.0,gpt2,1,64,fp32,adamw,2600,2409.59,2348.879158203125,2670.0,2536.789490859375,2587.5252806765625,False,True,False,True,False,dangerous_underprediction
0.02,2.0,gpt2,1,64,fp32,adamw,2800,2409.59,2348.879158203125,2670.0,2536.789490859375,2587.5252806765625,True,True,True,False,False,correct
0.02,2.0,gpt2,1,64,fp32,adamw,3072,2409.59,2348.879158203125,2670.0,2536.789490859375,2587.5252806765625,True,True,True,False,False,correct
0.02,2.0,gpt2,1,64,fp32,adamw,4096,2409.59,2348.879158203125,2670.0,2536.789490859375,2587.5252806765625,True,True,True,False,False,correct
0.02,2.0,gpt2,1,64,fp32,adamw,8192,2409.59,2348.879158203125,2670.0,2536.789490859375,2587.5252806765625,True,True,True,False,False,correct
0.02,2.0,gpt2,1,128,fp32,adamw,768,2422.73,2470.402408203125,2634.0,2668.034600859375,2721.3952928765625,False,False,True,False,False,correct
0.02,2.0,gpt2,1,128,fp32,adamw,1024,2422.73,2470.402408203125,2634.0,2668.034600859375,2721.3952928765625,False,False,True,False,False,correct
0.02,2.0,gpt2,1,128,fp32,adamw,1200,2422.73,2470.402408203125,2634.0,2668.034600859375,2721.3952928765625,False,False,True,False,False,correct
0.02,2.0,gpt2,1,128,fp32,adamw,1300,2422.73,2470.402408203125,2634.0,2668.034600859375,2721.3952928765625,False,False,True,False,False,correct
0.02,2.0,gpt2,1,128,fp32,adamw,1400,2422.73,2470.402408203125,2634.0,2668.034600859375,2721.3952928765625,False,False,True,False,False,correct
0.02,2.0,gpt2,1,128,fp32,adamw,1500,2422.73,2470.402408203125,2634.0,2668.034600859375,2721.3952928765625,False,False,True,False,False,correct
0.02,2.0,gpt2,1,128,fp32,adamw,1600,2422.73,2470.402408203125,2634.0,2668.034600859375,2721.3952928765625,False,False,True,False,False,correct
0.02,2.0,gpt2,1,128,fp32,adamw,1700,2422.73,2470.402408203125,2634.0,2668.034600859375,2721.3952928765625,False,False,True,False,False,correct
0.02,2.0,gpt2,1,128,fp32,adamw,1800,2422.73,2470.402408203125,2634.0,2668.034600859375,2721.3952928765625,False,False,True,False,False,correct
0.02,2.0,gpt2,1,128,fp32,adamw,1900,2422.73,2470.402408203125,2634.0,2668.034600859375,2721.3952928765625,False,False,True,False,False,correct
0.02,2.0,gpt2,1,128,fp32,adamw,2000,2422.73,2470.402408203125,2634.0,2668.034600859375,2721.3952928765625,False,False,True,False,False,correct
0.02,2.0,gpt2,1,128,fp32,adamw,2048,2422.73,2470.402408203125,2634.0,2668.034600859375,2721.3952928765625,False,False,True,False,False,correct
0.02,2.0,gpt2,1,128,fp32,adamw,2200,2422.73,2470.402408203125,2634.0,2668.034600859375,2721.3952928765625,False,False,True,False,False,correct
0.02,2.0,gpt2,1,128,fp32,adamw,2400,2422.73,2470.402408203125,2634.0,2668.034600859375,2721.3952928765625,False,False,True,False,False,correct
0.02,2.0,gpt2,1,128,fp32,adamw,2600,2422.73,2470.402408203125,2634.0,2668.034600859375,2721.3952928765625,False,False,True,False,False,correct
0.02,2.0,gpt2,1,128,fp32,adamw,2800,2422.73,2470.402408203125,2634.0,2668.034600859375,2721.3952928765625,True,True,True,False,False,correct
0.02,2.0,gpt2,1,128,fp32,adamw,3072,2422.73,2470.402408203125,2634.0,2668.034600859375,2721.3952928765625,True,True,True,False,False,correct
0.02,2.0,gpt2,1,128,fp32,adamw,4096,2422.73,2470.402408203125,2634.0,2668.034600859375,2721.3952928765625,True,True,True,False,False,correct
0.02,2.0,gpt2,1,128,fp32,adamw,8192,2422.73,2470.402408203125,2634.0,2668.034600859375,2721.3952928765625,True,True,True,False,False,correct
0.05,5.0,distilgpt2,1,32,fp32,adamw,768,1592.43,1512.9896855468749,1700.0,1634.028860390625,1715.7303034101562,False,False,True,False,False,correct
0.05,5.0,distilgpt2,1,32,fp32,adamw,1024,1592.43,1512.9896855468749,1700.0,1634.028860390625,1715.7303034101562,False,False,True,False,False,correct
0.05,5.0,distilgpt2,1,32,fp32,adamw,1200,1592.43,1512.9896855468749,1700.0,1634.028860390625,1715.7303034101562,False,False,True,False,False,correct
0.05,5.0,distilgpt2,1,32,fp32,adamw,1300,1592.43,1512.9896855468749,1700.0,1634.028860390625,1715.7303034101562,False,False,True,False,False,correct
0.05,5.0,distilgpt2,1,32,fp32,adamw,1400,1592.43,1512.9896855468749,1700.0,1634.028860390625,1715.7303034101562,False,False,True,False,False,correct
0.05,5.0,distilgpt2,1,32,fp32,adamw,1500,1592.43,1512.9896855468749,1700.0,1634.028860390625,1715.7303034101562,False,False,True,False,False,correct
0.05,5.0,distilgpt2,1,32,fp32,adamw,1600,1592.43,1512.9896855468749,1700.0,1634.028860390625,1715.7303034101562,False,False,True,False,False,correct
0.05,5.0,distilgpt2,1,32,fp32,adamw,1700,1592.43,1512.9896855468749,1700.0,1634.028860390625,1715.7303034101562,True,False,False,False,True,conservative_overprediction
0.05,5.0,distilgpt2,1,32,fp32,adamw,1800,1592.43,1512.9896855468749,1700.0,1634.028860390625,1715.7303034101562,True,True,True,False,False,correct
0.05,5.0,distilgpt2,1,32,fp32,adamw,1900,1592.43,1512.9896855468749,1700.0,1634.028860390625,1715.7303034101562,True,True,True,False,False,correct
0.05,5.0,distilgpt2,1,32,fp32,adamw,2000,1592.43,1512.9896855468749,1700.0,1634.028860390625,1715.7303034101562,True,True,True,False,False,correct
0.05,5.0,distilgpt2,1,32,fp32,adamw,2048,1592.43,1512.9896855468749,1700.0,1634.028860390625,1715.7303034101562,True,True,True,False,False,correct
0.05,5.0,distilgpt2,1,32,fp32,adamw,2200,1592.43,1512.9896855468749,1700.0,1634.028860390625,1715.7303034101562,True,True,True,False,False,correct
0.05,5.0,distilgpt2,1,32,fp32,adamw,2400,1592.43,1512.9896855468749,1700.0,1634.028860390625,1715.7303034101562,True,True,True,False,False,correct
0.05,5.0,distilgpt2,1,32,fp32,adamw,2600,1592.43,1512.9896855468749,1700.0,1634.028860390625,1715.7303034101562,True,True,True,False,False,correct
0.05,5.0,distilgpt2,1,32,fp32,adamw,2800,1592.43,1512.9896855468749,1700.0,1634.028860390625,1715.7303034101562,True,True,True,False,False,correct
0.05,5.0,distilgpt2,1,32,fp32,adamw,3072,1592.43,1512.9896855468749,1700.0,1634.028860390625,1715.7303034101562,True,True,True,False,False,correct
0.05,5.0,distilgpt2,1,32,fp32,adamw,4096,1592.43,1512.9896855468749,1700.0,1634.028860390625,1715.7303034101562,True,True,True,False,False,correct
0.05,5.0,distilgpt2,1,32,fp32,adamw,8192,1592.43,1512.9896855468749,1700.0,1634.028860390625,1715.7303034101562,True,True,True,False,False,correct
0.05,5.0,distilgpt2,1,64,fp32,adamw,768,1600.69,1552.9860605468748,1738.0,1677.2249453906247,1761.086192660156,False,False,True,False,False,correct
0.05,5.0,distilgpt2,1,64,fp32,adamw,1024,1600.69,1552.9860605468748,1738.0,1677.2249453906247,1761.086192660156,False,False,True,False,False,correct
0.05,5.0,distilgpt2,1,64,fp32,adamw,1200,1600.69,1552.9860605468748,1738.0,1677.2249453906247,1761.086192660156,False,False,True,False,False,correct
0.05,5.0,distilgpt2,1,64,fp32,adamw,1300,1600.69,1552.9860605468748,1738.0,1677.2249453906247,1761.086192660156,False,False,True,False,False,correct
0.05,5.0,distilgpt2,1,64,fp32,adamw,1400,1600.69,1552.9860605468748,1738.0,1677.2249453906247,1761.086192660156,False,False,True,False,False,correct
0.05,5.0,distilgpt2,1,64,fp32,adamw,1500,1600.69,1552.9860605468748,1738.0,1677.2249453906247,1761.086192660156,False,False,True,False,False,correct
0.05,5.0,distilgpt2,1,64,fp32,adamw,1600,1600.69,1552.9860605468748,1738.0,1677.2249453906247,1761.086192660156,False,False,True,False,False,correct
0.05,5.0,distilgpt2,1,64,fp32,adamw,1700,1600.69,1552.9860605468748,1738.0,1677.2249453906247,1761.086192660156,False,False,True,False,False,correct
0.05,5.0,distilgpt2,1,64,fp32,adamw,1800,1600.69,1552.9860605468748,1738.0,1677.2249453906247,1761.086192660156,True,True,True,False,False,correct
0.05,5.0,distilgpt2,1,64,fp32,adamw,1900,1600.69,1552.9860605468748,1738.0,1677.2249453906247,1761.086192660156,True,True,True,False,False,correct
0.05,5.0,distilgpt2,1,64,fp32,adamw,2000,1600.69,1552.9860605468748,1738.0,1677.2249453906247,1761.086192660156,True,True,True,False,False,correct
0.05,5.0,distilgpt2,1,64,fp32,adamw,2048,1600.69,1552.9860605468748,1738.0,1677.2249453906247,1761.086192660156,True,True,True,False,False,correct
0.05,5.0,distilgpt2,1,64,fp32,adamw,2200,1600.69,1552.9860605468748,1738.0,1677.2249453906247,1761.086192660156,True,True,True,False,False,correct
0.05,5.0,distilgpt2,1,64,fp32,adamw,2400,1600.69,1552.9860605468748,1738.0,1677.2249453906247,1761.086192660156,True,True,True,False,False,correct
0.05,5.0,distilgpt2,1,64,fp32,adamw,2600,1600.69,1552.9860605468748,1738.0,1677.2249453906247,1761.086192660156,True,True,True,False,False,correct
0.05,5.0,distilgpt2,1,64,fp32,adamw,2800,1600.69,1552.9860605468748,1738.0,1677.2249453906247,1761.086192660156,True,True,True,False,False,correct
0.05,5.0,distilgpt2,1,64,fp32,adamw,3072,1600.69,1552.9860605468748,1738.0,1677.2249453906247,1761.086192660156,True,True,True,False,False,correct
0.05,5.0,distilgpt2,1,64,fp32,adamw,4096,1600.69,1552.9860605468748,1738.0,1677.2249453906247,1761.086192660156,True,True,True,False,False,correct
0.05,5.0,distilgpt2,1,64,fp32,adamw,8192,1600.69,1552.9860605468748,1738.0,1677.2249453906247,1761.086192660156,True,True,True,False,False,correct
0.05,5.0,distilgpt2,1,128,fp32,adamw,768,1616.71,1632.978810546875,1726.0,1763.6171153906248,1851.797971160156,False,False,True,False,False,correct
0.05,5.0,distilgpt2,1,128,fp32,adamw,1024,1616.71,1632.978810546875,1726.0,1763.6171153906248,1851.797971160156,False,False,True,False,False,correct
0.05,5.0,distilgpt2,1,128,fp32,adamw,1200,1616.71,1632.978810546875,1726.0,1763.6171153906248,1851.797971160156,False,False,True,False,False,correct
0.05,5.0,distilgpt2,1,128,fp32,adamw,1300,1616.71,1632.978810546875,1726.0,1763.6171153906248,1851.797971160156,False,False,True,False,False,correct
0.05,5.0,distilgpt2,1,128,fp32,adamw,1400,1616.71,1632.978810546875,1726.0,1763.6171153906248,1851.797971160156,False,False,True,False,False,correct
0.05,5.0,distilgpt2,1,128,fp32,adamw,1500,1616.71,1632.978810546875,1726.0,1763.6171153906248,1851.797971160156,False,False,True,False,False,correct
0.05,5.0,distilgpt2,1,128,fp32,adamw,1600,1616.71,1632.978810546875,1726.0,1763.6171153906248,1851.797971160156,False,False,True,False,False,correct
0.05,5.0,distilgpt2,1,128,fp32,adamw,1700,1616.71,1632.978810546875,1726.0,1763.6171153906248,1851.797971160156,False,False,True,False,False,correct
0.05,5.0,distilgpt2,1,128,fp32,adamw,1800,1616.71,1632.978810546875,1726.0,1763.6171153906248,1851.797971160156,True,False,False,False,True,conservative_overprediction
0.05,5.0,distilgpt2,1,128,fp32,adamw,1900,1616.71,1632.978810546875,1726.0,1763.6171153906248,1851.797971160156,True,True,True,False,False,correct
0.05,5.0,distilgpt2,1,128,fp32,adamw,2000,1616.71,1632.978810546875,1726.0,1763.6171153906248,1851.797971160156,True,True,True,False,False,correct
0.05,5.0,distilgpt2,1,128,fp32,adamw,2048,1616.71,1632.978810546875,1726.0,1763.6171153906248,1851.797971160156,True,True,True,False,False,correct
0.05,5.0,distilgpt2,1,128,fp32,adamw,2200,1616.71,1632.978810546875,1726.0,1763.6171153906248,1851.797971160156,True,True,True,False,False,correct
0.05,5.0,distilgpt2,1,128,fp32,adamw,2400,1616.71,1632.978810546875,1726.0,1763.6171153906248,1851.797971160156,True,True,True,False,False,correct
0.05,5.0,distilgpt2,1,128,fp32,adamw,2600,1616.71,1632.978810546875,1726.0,1763.6171153906248,1851.797971160156,True,True,True,False,False,correct
0.05,5.0,distilgpt2,1,128,fp32,adamw,2800,1616.71,1632.978810546875,1726.0,1763.6171153906248,1851.797971160156,True,True,True,False,False,correct
0.05,5.0,distilgpt2,1,128,fp32,adamw,3072,1616.71,1632.978810546875,1726.0,1763.6171153906248,1851.797971160156,True,True,True,False,False,correct
0.05,5.0,distilgpt2,1,128,fp32,adamw,4096,1616.71,1632.978810546875,1726.0,1763.6171153906248,1851.797971160156,True,True,True,False,False,correct
0.05,5.0,distilgpt2,1,128,fp32,adamw,8192,1616.71,1632.978810546875,1726.0,1763.6171153906248,1851.797971160156,True,True,True,False,False,correct
0.05,5.0,distilgpt2,1,64,fp32,adamw,768,1600.19,1552.9860605468748,1738.0,1677.2249453906247,1761.086192660156,False,False,True,False,False,correct
0.05,5.0,distilgpt2,1,64,fp32,adamw,1024,1600.19,1552.9860605468748,1738.0,1677.2249453906247,1761.086192660156,False,False,True,False,False,correct
0.05,5.0,distilgpt2,1,64,fp32,adamw,1200,1600.19,1552.9860605468748,1738.0,1677.2249453906247,1761.086192660156,False,False,True,False,False,correct
0.05,5.0,distilgpt2,1,64,fp32,adamw,1300,1600.19,1552.9860605468748,1738.0,1677.2249453906247,1761.086192660156,False,False,True,False,False,correct
0.05,5.0,distilgpt2,1,64,fp32,adamw,1400,1600.19,1552.9860605468748,1738.0,1677.2249453906247,1761.086192660156,False,False,True,False,False,correct
0.05,5.0,distilgpt2,1,64,fp32,adamw,1500,1600.19,1552.9860605468748,1738.0,1677.2249453906247,1761.086192660156,False,False,True,False,False,correct
0.05,5.0,distilgpt2,1,64,fp32,adamw,1600,1600.19,1552.9860605468748,1738.0,1677.2249453906247,1761.086192660156,False,False,True,False,False,correct
0.05,5.0,distilgpt2,1,64,fp32,adamw,1700,1600.19,1552.9860605468748,1738.0,1677.2249453906247,1761.086192660156,False,False,True,False,False,correct
0.05,5.0,distilgpt2,1,64,fp32,adamw,1800,1600.19,1552.9860605468748,1738.0,1677.2249453906247,1761.086192660156,True,True,True,False,False,correct
0.05,5.0,distilgpt2,1,64,fp32,adamw,1900,1600.19,1552.9860605468748,1738.0,1677.2249453906247,1761.086192660156,True,True,True,False,False,correct
0.05,5.0,distilgpt2,1,64,fp32,adamw,2000,1600.19,1552.9860605468748,1738.0,1677.2249453906247,1761.086192660156,True,True,True,False,False,correct
0.05,5.0,distilgpt2,1,64,fp32,adamw,2048,1600.19,1552.9860605468748,1738.0,1677.2249453906247,1761.086192660156,True,True,True,False,False,correct
0.05,5.0,distilgpt2,1,64,fp32,adamw,2200,1600.19,1552.9860605468748,1738.0,1677.2249453906247,1761.086192660156,True,True,True,False,False,correct
0.05,5.0,distilgpt2,1,64,fp32,adamw,2400,1600.19,1552.9860605468748,1738.0,1677.2249453906247,1761.086192660156,True,True,True,False,False,correct
0.05,5.0,distilgpt2,1,64,fp32,adamw,2600,1600.19,1552.9860605468748,1738.0,1677.2249453906247,1761.086192660156,True,True,True,False,False,correct
0.05,5.0,distilgpt2,1,64,fp32,adamw,2800,1600.19,1552.9860605468748,1738.0,1677.2249453906247,1761.086192660156,True,True,True,False,False,correct
0.05,5.0,distilgpt2,1,64,fp32,adamw,3072,1600.19,1552.9860605468748,1738.0,1677.2249453906247,1761.086192660156,True,True,True,False,False,correct
0.05,5.0,distilgpt2,1,64,fp32,adamw,4096,1600.19,1552.9860605468748,1738.0,1677.2249453906247,1761.086192660156,True,True,True,False,False,correct
0.05,5.0,distilgpt2,1,64,fp32,adamw,8192,1600.19,1552.9860605468748,1738.0,1677.2249453906247,1761.086192660156,True,True,True,False,False,correct
0.05,5.0,distilgpt2,2,64,fp32,adamw,768,1616.21,1632.978810546875,1726.0,1763.6171153906248,1851.797971160156,False,False,True,False,False,correct
0.05,5.0,distilgpt2,2,64,fp32,adamw,1024,1616.21,1632.978810546875,1726.0,1763.6171153906248,1851.797971160156,False,False,True,False,False,correct
0.05,5.0,distilgpt2,2,64,fp32,adamw,1200,1616.21,1632.978810546875,1726.0,1763.6171153906248,1851.797971160156,False,False,True,False,False,correct
0.05,5.0,distilgpt2,2,64,fp32,adamw,1300,1616.21,1632.978810546875,1726.0,1763.6171153906248,1851.797971160156,False,False,True,False,False,correct
0.05,5.0,distilgpt2,2,64,fp32,adamw,1400,1616.21,1632.978810546875,1726.0,1763.6171153906248,1851.797971160156,False,False,True,False,False,correct
0.05,5.0,distilgpt2,2,64,fp32,adamw,1500,1616.21,1632.978810546875,1726.0,1763.6171153906248,1851.797971160156,False,False,True,False,False,correct
0.05,5.0,distilgpt2,2,64,fp32,adamw,1600,1616.21,1632.978810546875,1726.0,1763.6171153906248,1851.797971160156,False,False,True,False,False,correct
0.05,5.0,distilgpt2,2,64,fp32,adamw,1700,1616.21,1632.978810546875,1726.0,1763.6171153906248,1851.797971160156,False,False,True,False,False,correct
0.05,5.0,distilgpt2,2,64,fp32,adamw,1800,1616.21,1632.978810546875,1726.0,1763.6171153906248,1851.797971160156,True,False,False,False,True,conservative_overprediction
0.05,5.0,distilgpt2,2,64,fp32,adamw,1900,1616.21,1632.978810546875,1726.0,1763.6171153906248,1851.797971160156,True,True,True,False,False,correct
0.05,5.0,distilgpt2,2,64,fp32,adamw,2000,1616.21,1632.978810546875,1726.0,1763.6171153906248,1851.797971160156,True,True,True,False,False,correct
0.05,5.0,distilgpt2,2,64,fp32,adamw,2048,1616.21,1632.978810546875,1726.0,1763.6171153906248,1851.797971160156,True,True,True,False,False,correct
0.05,5.0,distilgpt2,2,64,fp32,adamw,2200,1616.21,1632.978810546875,1726.0,1763.6171153906248,1851.797971160156,True,True,True,False,False,correct
0.05,5.0,distilgpt2,2,64,fp32,adamw,2400,1616.21,1632.978810546875,1726.0,1763.6171153906248,1851.797971160156,True,True,True,False,False,correct
0.05,5.0,distilgpt2,2,64,fp32,adamw,2600,1616.21,1632.978810546875,1726.0,1763.6171153906248,1851.797971160156,True,True,True,False,False,correct
0.05,5.0,distilgpt2,2,64,fp32,adamw,2800,1616.21,1632.978810546875,1726.0,1763.6171153906248,1851.797971160156,True,True,True,False,False,correct
0.05,5.0,distilgpt2,2,64,fp32,adamw,3072,1616.21,1632.978810546875,1726.0,1763.6171153906248,1851.797971160156,True,True,True,False,False,correct
0.05,5.0,distilgpt2,2,64,fp32,adamw,4096,1616.21,1632.978810546875,1726.0,1763.6171153906248,1851.797971160156,True,True,True,False,False,correct
0.05,5.0,distilgpt2,2,64,fp32,adamw,8192,1616.21,1632.978810546875,1726.0,1763.6171153906248,1851.797971160156,True,True,True,False,False,correct
0.05,5.0,distilgpt2,4,64,fp32,adamw,768,1648.43,1792.964310546875,1768.0,1936.401455390625,2033.2215281601564,False,False,True,False,False,correct
0.05,5.0,distilgpt2,4,64,fp32,adamw,1024,1648.43,1792.964310546875,1768.0,1936.401455390625,2033.2215281601564,False,False,True,False,False,correct
0.05,5.0,distilgpt2,4,64,fp32,adamw,1200,1648.43,1792.964310546875,1768.0,1936.401455390625,2033.2215281601564,False,False,True,False,False,correct
0.05,5.0,distilgpt2,4,64,fp32,adamw,1300,1648.43,1792.964310546875,1768.0,1936.401455390625,2033.2215281601564,False,False,True,False,False,correct
0.05,5.0,distilgpt2,4,64,fp32,adamw,1400,1648.43,1792.964310546875,1768.0,1936.401455390625,2033.2215281601564,False,False,True,False,False,correct
0.05,5.0,distilgpt2,4,64,fp32,adamw,1500,1648.43,1792.964310546875,1768.0,1936.401455390625,2033.2215281601564,False,False,True,False,False,correct
0.05,5.0,distilgpt2,4,64,fp32,adamw,1600,1648.43,1792.964310546875,1768.0,1936.401455390625,2033.2215281601564,False,False,True,False,False,correct
0.05,5.0,distilgpt2,4,64,fp32,adamw,1700,1648.43,1792.964310546875,1768.0,1936.401455390625,2033.2215281601564,False,False,True,False,False,correct
0.05,5.0,distilgpt2,4,64,fp32,adamw,1800,1648.43,1792.964310546875,1768.0,1936.401455390625,2033.2215281601564,True,False,False,False,True,conservative_overprediction
0.05,5.0,distilgpt2,4,64,fp32,adamw,1900,1648.43,1792.964310546875,1768.0,1936.401455390625,2033.2215281601564,True,False,False,False,True,conservative_overprediction
0.05,5.0,distilgpt2,4,64,fp32,adamw,2000,1648.43,1792.964310546875,1768.0,1936.401455390625,2033.2215281601564,True,False,False,False,True,conservative_overprediction
0.05,5.0,distilgpt2,4,64,fp32,adamw,2048,1648.43,1792.964310546875,1768.0,1936.401455390625,2033.2215281601564,True,True,True,False,False,correct
0.05,5.0,distilgpt2,4,64,fp32,adamw,2200,1648.43,1792.964310546875,1768.0,1936.401455390625,2033.2215281601564,True,True,True,False,False,correct
0.05,5.0,distilgpt2,4,64,fp32,adamw,2400,1648.43,1792.964310546875,1768.0,1936.401455390625,2033.2215281601564,True,True,True,False,False,correct
0.05,5.0,distilgpt2,4,64,fp32,adamw,2600,1648.43,1792.964310546875,1768.0,1936.401455390625,2033.2215281601564,True,True,True,False,False,correct
0.05,5.0,distilgpt2,4,64,fp32,adamw,2800,1648.43,1792.964310546875,1768.0,1936.401455390625,2033.2215281601564,True,True,True,False,False,correct
0.05,5.0,distilgpt2,4,64,fp32,adamw,3072,1648.43,1792.964310546875,1768.0,1936.401455390625,2033.2215281601564,True,True,True,False,False,correct
0.05,5.0,distilgpt2,4,64,fp32,adamw,4096,1648.43,1792.964310546875,1768.0,1936.401455390625,2033.2215281601564,True,True,True,False,False,correct
0.05,5.0,distilgpt2,4,64,fp32,adamw,8192,1648.43,1792.964310546875,1768.0,1936.401455390625,2033.2215281601564,True,True,True,False,False,correct
0.05,5.0,distilgpt2,1,64,fp32,sgd,768,956.49,928.042701171875,1030.0,1002.2861172656252,1052.4004231289066,False,False,True,False,False,correct
0.05,5.0,distilgpt2,1,64,fp32,sgd,1024,956.49,928.042701171875,1030.0,1002.2861172656252,1052.4004231289066,False,False,True,False,False,correct
0.05,5.0,distilgpt2,1,64,fp32,sgd,1200,956.49,928.042701171875,1030.0,1002.2861172656252,1052.4004231289066,True,True,True,False,False,correct
0.05,5.0,distilgpt2,1,64,fp32,sgd,1300,956.49,928.042701171875,1030.0,1002.2861172656252,1052.4004231289066,True,True,True,False,False,correct
0.05,5.0,distilgpt2,1,64,fp32,sgd,1400,956.49,928.042701171875,1030.0,1002.2861172656252,1052.4004231289066,True,True,True,False,False,correct
0.05,5.0,distilgpt2,1,64,fp32,sgd,1500,956.49,928.042701171875,1030.0,1002.2861172656252,1052.4004231289066,True,True,True,False,False,correct
0.05,5.0,distilgpt2,1,64,fp32,sgd,1600,956.49,928.042701171875,1030.0,1002.2861172656252,1052.4004231289066,True,True,True,False,False,correct
0.05,5.0,distilgpt2,1,64,fp32,sgd,1700,956.49,928.042701171875,1030.0,1002.2861172656252,1052.4004231289066,True,True,True,False,False,correct
0.05,5.0,distilgpt2,1,64,fp32,sgd,1800,956.49,928.042701171875,1030.0,1002.2861172656252,1052.4004231289066,True,True,True,False,False,correct
0.05,5.0,distilgpt2,1,64,fp32,sgd,1900,956.49,928.042701171875,1030.0,1002.2861172656252,1052.4004231289066,True,True,True,False,False,correct
0.05,5.0,distilgpt2,1,64,fp32,sgd,2000,956.49,928.042701171875,1030.0,1002.2861172656252,1052.4004231289066,True,True,True,False,False,correct
0.05,5.0,distilgpt2,1,64,fp32,sgd,2048,956.49,928.042701171875,1030.0,1002.2861172656252,1052.4004231289066,True,True,True,False,False,correct
0.05,5.0,distilgpt2,1,64,fp32,sgd,2200,956.49,928.042701171875,1030.0,1002.2861172656252,1052.4004231289066,True,True,True,False,False,correct
0.05,5.0,distilgpt2,1,64,fp32,sgd,2400,956.49,928.042701171875,1030.0,1002.2861172656252,1052.4004231289066,True,True,True,False,False,correct
0.05,5.0,distilgpt2,1,64,fp32,sgd,2600,956.49,928.042701171875,1030.0,1002.2861172656252,1052.4004231289066,True,True,True,False,False,correct
0.05,5.0,distilgpt2,1,64,fp32,sgd,2800,956.49,928.042701171875,1030.0,1002.2861172656252,1052.4004231289066,True,True,True,False,False,correct
0.05,5.0,distilgpt2,1,64,fp32,sgd,3072,956.49,928.042701171875,1030.0,1002.2861172656252,1052.4004231289066,True,True,True,False,False,correct
0.05,5.0,distilgpt2,1,64,fp32,sgd,4096,956.49,928.042701171875,1030.0,1002.2861172656252,1052.4004231289066,True,True,True,False,False,correct
0.05,5.0,distilgpt2,1,64,fp32,sgd,8192,956.49,928.042701171875,1030.0,1002.2861172656252,1052.4004231289066,True,True,True,False,False,correct
0.05,5.0,distilgpt2,1,64,fp32,adamw,768,1600.94,1552.9860605468748,1738.0,1677.2249453906247,1761.086192660156,False,False,True,False,False,correct
0.05,5.0,distilgpt2,1,64,fp32,adamw,1024,1600.94,1552.9860605468748,1738.0,1677.2249453906247,1761.086192660156,False,False,True,False,False,correct
0.05,5.0,distilgpt2,1,64,fp32,adamw,1200,1600.94,1552.9860605468748,1738.0,1677.2249453906247,1761.086192660156,False,False,True,False,False,correct
0.05,5.0,distilgpt2,1,64,fp32,adamw,1300,1600.94,1552.9860605468748,1738.0,1677.2249453906247,1761.086192660156,False,False,True,False,False,correct
0.05,5.0,distilgpt2,1,64,fp32,adamw,1400,1600.94,1552.9860605468748,1738.0,1677.2249453906247,1761.086192660156,False,False,True,False,False,correct
0.05,5.0,distilgpt2,1,64,fp32,adamw,1500,1600.94,1552.9860605468748,1738.0,1677.2249453906247,1761.086192660156,False,False,True,False,False,correct
0.05,5.0,distilgpt2,1,64,fp32,adamw,1600,1600.94,1552.9860605468748,1738.0,1677.2249453906247,1761.086192660156,False,False,True,False,False,correct
0.05,5.0,distilgpt2,1,64,fp32,adamw,1700,1600.94,1552.9860605468748,1738.0,1677.2249453906247,1761.086192660156,False,False,True,False,False,correct
0.05,5.0,distilgpt2,1,64,fp32,adamw,1800,1600.94,1552.9860605468748,1738.0,1677.2249453906247,1761.086192660156,True,True,True,False,False,correct
0.05,5.0,distilgpt2,1,64,fp32,adamw,1900,1600.94,1552.9860605468748,1738.0,1677.2249453906247,1761.086192660156,True,True,True,False,False,correct
0.05,5.0,distilgpt2,1,64,fp32,adamw,2000,1600.94,1552.9860605468748,1738.0,1677.2249453906247,1761.086192660156,True,True,True,False,False,correct
0.05,5.0,distilgpt2,1,64,fp32,adamw,2048,1600.94,1552.9860605468748,1738.0,1677.2249453906247,1761.086192660156,True,True,True,False,False,correct
0.05,5.0,distilgpt2,1,64,fp32,adamw,2200,1600.94,1552.9860605468748,1738.0,1677.2249453906247,1761.086192660156,True,True,True,False,False,correct
0.05,5.0,distilgpt2,1,64,fp32,adamw,2400,1600.94,1552.9860605468748,1738.0,1677.2249453906247,1761.086192660156,True,True,True,False,False,correct
0.05,5.0,distilgpt2,1,64,fp32,adamw,2600,1600.94,1552.9860605468748,1738.0,1677.2249453906247,1761.086192660156,True,True,True,False,False,correct
0.05,5.0,distilgpt2,1,64,fp32,adamw,2800,1600.94,1552.9860605468748,1738.0,1677.2249453906247,1761.086192660156,True,True,True,False,False,correct
0.05,5.0,distilgpt2,1,64,fp32,adamw,3072,1600.94,1552.9860605468748,1738.0,1677.2249453906247,1761.086192660156,True,True,True,False,False,correct
0.05,5.0,distilgpt2,1,64,fp32,adamw,4096,1600.94,1552.9860605468748,1738.0,1677.2249453906247,1761.086192660156,True,True,True,False,False,correct
0.05,5.0,distilgpt2,1,64,fp32,adamw,8192,1600.94,1552.9860605468748,1738.0,1677.2249453906247,1761.086192660156,True,True,True,False,False,correct
0.05,5.0,gpt2,1,32,fp32,sgd,768,1271.56,1196.307083984375,1388.0,1292.0116507031248,1356.612233238281,False,False,True,False,False,correct
0.05,5.0,gpt2,1,32,fp32,sgd,1024,1271.56,1196.307083984375,1388.0,1292.0116507031248,1356.612233238281,False,False,True,False,False,correct
0.05,5.0,gpt2,1,32,fp32,sgd,1200,1271.56,1196.307083984375,1388.0,1292.0116507031248,1356.612233238281,False,False,True,False,False,correct
0.05,5.0,gpt2,1,32,fp32,sgd,1300,1271.56,1196.307083984375,1388.0,1292.0116507031248,1356.612233238281,False,False,True,False,False,correct
0.05,5.0,gpt2,1,32,fp32,sgd,1400,1271.56,1196.307083984375,1388.0,1292.0116507031248,1356.612233238281,True,True,True,False,False,correct
0.05,5.0,gpt2,1,32,fp32,sgd,1500,1271.56,1196.307083984375,1388.0,1292.0116507031248,1356.612233238281,True,True,True,False,False,correct
0.05,5.0,gpt2,1,32,fp32,sgd,1600,1271.56,1196.307083984375,1388.0,1292.0116507031248,1356.612233238281,True,True,True,False,False,correct
0.05,5.0,gpt2,1,32,fp32,sgd,1700,1271.56,1196.307083984375,1388.0,1292.0116507031248,1356.612233238281,True,True,True,False,False,correct
0.05,5.0,gpt2,1,32,fp32,sgd,1800,1271.56,1196.307083984375,1388.0,1292.0116507031248,1356.612233238281,True,True,True,False,False,correct
0.05,5.0,gpt2,1,32,fp32,sgd,1900,1271.56,1196.307083984375,1388.0,1292.0116507031248,1356.612233238281,True,True,True,False,False,correct
0.05,5.0,gpt2,1,32,fp32,sgd,2000,1271.56,1196.307083984375,1388.0,1292.0116507031248,1356.612233238281,True,True,True,False,False,correct
0.05,5.0,gpt2,1,32,fp32,sgd,2048,1271.56,1196.307083984375,1388.0,1292.0116507031248,1356.612233238281,True,True,True,False,False,correct
0.05,5.0,gpt2,1,32,fp32,sgd,2200,1271.56,1196.307083984375,1388.0,1292.0116507031248,1356.612233238281,True,True,True,False,False,correct
0.05,5.0,gpt2,1,32,fp32,sgd,2400,1271.56,1196.307083984375,1388.0,1292.0116507031248,1356.612233238281,True,True,True,False,False,correct
0.05,5.0,gpt2,1,32,fp32,sgd,2600,1271.56,1196.307083984375,1388.0,1292.0116507031248,1356.612233238281,True,True,True,False,False,correct
0.05,5.0,gpt2,1,32,fp32,sgd,2800,1271.56,1196.307083984375,1388.0,1292.0116507031248,1356.612233238281,True,True,True,False,False,correct
0.05,5.0,gpt2,1,32,fp32,sgd,3072,1271.56,1196.307083984375,1388.0,1292.0116507031248,1356.612233238281,True,True,True,False,False,correct
0.05,5.0,gpt2,1,32,fp32,sgd,4096,1271.56,1196.307083984375,1388.0,1292.0116507031248,1356.612233238281,True,True,True,False,False,correct
0.05,5.0,gpt2,1,32,fp32,sgd,8192,1271.56,1196.307083984375,1388.0,1292.0116507031248,1356.612233238281,True,True,True,False,False,correct
0.05,5.0,gpt2,1,64,fp32,sgd,768,1279.2,1257.068708984375,1422.0,1357.634205703125,1425.5159159882812,False,False,True,False,False,correct
0.05,5.0,gpt2,1,64,fp32,sgd,1024,1279.2,1257.068708984375,1422.0,1357.634205703125,1425.5159159882812,False,False,True,False,False,correct
0.05,5.0,gpt2,1,64,fp32,sgd,1200,1279.2,1257.068708984375,1422.0,1357.634205703125,1425.5159159882812,False,False,True,False,False,correct
0.05,5.0,gpt2,1,64,fp32,sgd,1300,1279.2,1257.068708984375,1422.0,1357.634205703125,1425.5159159882812,False,False,True,False,False,correct
0.05,5.0,gpt2,1,64,fp32,sgd,1400,1279.2,1257.068708984375,1422.0,1357.634205703125,1425.5159159882812,False,False,True,False,False,correct
0.05,5.0,gpt2,1,64,fp32,sgd,1500,1279.2,1257.068708984375,1422.0,1357.634205703125,1425.5159159882812,True,True,True,False,False,correct
0.05,5.0,gpt2,1,64,fp32,sgd,1600,1279.2,1257.068708984375,1422.0,1357.634205703125,1425.5159159882812,True,True,True,False,False,correct
0.05,5.0,gpt2,1,64,fp32,sgd,1700,1279.2,1257.068708984375,1422.0,1357.634205703125,1425.5159159882812,True,True,True,False,False,correct
0.05,5.0,gpt2,1,64,fp32,sgd,1800,1279.2,1257.068708984375,1422.0,1357.634205703125,1425.5159159882812,True,True,True,False,False,correct
0.05,5.0,gpt2,1,64,fp32,sgd,1900,1279.2,1257.068708984375,1422.0,1357.634205703125,1425.5159159882812,True,True,True,False,False,correct
0.05,5.0,gpt2,1,64,fp32,sgd,2000,1279.2,1257.068708984375,1422.0,1357.634205703125,1425.5159159882812,True,True,True,False,False,correct
0.05,5.0,gpt2,1,64,fp32,sgd,2048,1279.2,1257.068708984375,1422.0,1357.634205703125,1425.5159159882812,True,True,True,False,False,correct
0.05,5.0,gpt2,1,64,fp32,sgd,2200,1279.2,1257.068708984375,1422.0,1357.634205703125,1425.5159159882812,True,True,True,False,False,correct
0.05,5.0,gpt2,1,64,fp32,sgd,2400,1279.2,1257.068708984375,1422.0,1357.634205703125,1425.5159159882812,True,True,True,False,False,correct
0.05,5.0,gpt2,1,64,fp32,sgd,2600,1279.2,1257.068708984375,1422.0,1357.634205703125,1425.5159159882812,True,True,True,False,False,correct
0.05,5.0,gpt2,1,64,fp32,sgd,2800,1279.2,1257.068708984375,1422.0,1357.634205703125,1425.5159159882812,True,True,True,False,False,correct
0.05,5.0,gpt2,1,64,fp32,sgd,3072,1279.2,1257.068708984375,1422.0,1357.634205703125,1425.5159159882812,True,True,True,False,False,correct
0.05,5.0,gpt2,1,64,fp32,sgd,4096,1279.2,1257.068708984375,1422.0,1357.634205703125,1425.5159159882812,True,True,True,False,False,correct
0.05,5.0,gpt2,1,64,fp32,sgd,8192,1279.2,1257.068708984375,1422.0,1357.634205703125,1425.5159159882812,True,True,True,False,False,correct
0.05,5.0,gpt2,1,128,fp32,sgd,768,1292.34,1378.591958984375,1406.0,1488.879315703125,1563.3232814882813,False,False,True,False,False,correct
0.05,5.0,gpt2,1,128,fp32,sgd,1024,1292.34,1378.591958984375,1406.0,1488.879315703125,1563.3232814882813,False,False,True,False,False,correct
0.05,5.0,gpt2,1,128,fp32,sgd,1200,1292.34,1378.591958984375,1406.0,1488.879315703125,1563.3232814882813,False,False,True,False,False,correct
0.05,5.0,gpt2,1,128,fp32,sgd,1300,1292.34,1378.591958984375,1406.0,1488.879315703125,1563.3232814882813,False,False,True,False,False,correct
0.05,5.0,gpt2,1,128,fp32,sgd,1400,1292.34,1378.591958984375,1406.0,1488.879315703125,1563.3232814882813,False,False,True,False,False,correct
0.05,5.0,gpt2,1,128,fp32,sgd,1500,1292.34,1378.591958984375,1406.0,1488.879315703125,1563.3232814882813,True,False,False,False,True,conservative_overprediction
0.05,5.0,gpt2,1,128,fp32,sgd,1600,1292.34,1378.591958984375,1406.0,1488.879315703125,1563.3232814882813,True,True,True,False,False,correct
0.05,5.0,gpt2,1,128,fp32,sgd,1700,1292.34,1378.591958984375,1406.0,1488.879315703125,1563.3232814882813,True,True,True,False,False,correct
0.05,5.0,gpt2,1,128,fp32,sgd,1800,1292.34,1378.591958984375,1406.0,1488.879315703125,1563.3232814882813,True,True,True,False,False,correct
0.05,5.0,gpt2,1,128,fp32,sgd,1900,1292.34,1378.591958984375,1406.0,1488.879315703125,1563.3232814882813,True,True,True,False,False,correct
0.05,5.0,gpt2,1,128,fp32,sgd,2000,1292.34,1378.591958984375,1406.0,1488.879315703125,1563.3232814882813,True,True,True,False,False,correct
0.05,5.0,gpt2,1,128,fp32,sgd,2048,1292.34,1378.591958984375,1406.0,1488.879315703125,1563.3232814882813,True,True,True,False,False,correct
0.05,5.0,gpt2,1,128,fp32,sgd,2200,1292.34,1378.591958984375,1406.0,1488.879315703125,1563.3232814882813,True,True,True,False,False,correct
0.05,5.0,gpt2,1,128,fp32,sgd,2400,1292.34,1378.591958984375,1406.0,1488.879315703125,1563.3232814882813,True,True,True,False,False,correct
0.05,5.0,gpt2,1,128,fp32,sgd,2600,1292.34,1378.591958984375,1406.0,1488.879315703125,1563.3232814882813,True,True,True,False,False,correct
0.05,5.0,gpt2,1,128,fp32,sgd,2800,1292.34,1378.591958984375,1406.0,1488.879315703125,1563.3232814882813,True,True,True,False,False,correct
0.05,5.0,gpt2,1,128,fp32,sgd,3072,1292.34,1378.591958984375,1406.0,1488.879315703125,1563.3232814882813,True,True,True,False,False,correct
0.05,5.0,gpt2,1,128,fp32,sgd,4096,1292.34,1378.591958984375,1406.0,1488.879315703125,1563.3232814882813,True,True,True,False,False,correct
0.05,5.0,gpt2,1,128,fp32,sgd,8192,1292.34,1378.591958984375,1406.0,1488.879315703125,1563.3232814882813,True,True,True,False,False,correct
0.05,5.0,gpt2,1,32,fp32,adamw,768,2402.82,2288.1175332031253,2616.0,2471.166935859376,2594.7252826523445,False,False,True,False,False,correct
0.05,5.0,gpt2,1,32,fp32,adamw,1024,2402.82,2288.1175332031253,2616.0,2471.166935859376,2594.7252826523445,False,False,True,False,False,correct
0.05,5.0,gpt2,1,32,fp32,adamw,1200,2402.82,2288.1175332031253,2616.0,2471.166935859376,2594.7252826523445,False,False,True,False,False,correct
0.05,5.0,gpt2,1,32,fp32,adamw,1300,2402.82,2288.1175332031253,2616.0,2471.166935859376,2594.7252826523445,False,False,True,False,False,correct
0.05,5.0,gpt2,1,32,fp32,adamw,1400,2402.82,2288.1175332031253,2616.0,2471.166935859376,2594.7252826523445,False,False,True,False,False,correct
0.05,5.0,gpt2,1,32,fp32,adamw,1500,2402.82,2288.1175332031253,2616.0,2471.166935859376,2594.7252826523445,False,False,True,False,False,correct
0.05,5.0,gpt2,1,32,fp32,adamw,1600,2402.82,2288.1175332031253,2616.0,2471.166935859376,2594.7252826523445,False,False,True,False,False,correct
0.05,5.0,gpt2,1,32,fp32,adamw,1700,2402.82,2288.1175332031253,2616.0,2471.166935859376,2594.7252826523445,False,False,True,False,False,correct
0.05,5.0,gpt2,1,32,fp32,adamw,1800,2402.82,2288.1175332031253,2616.0,2471.166935859376,2594.7252826523445,False,False,True,False,False,correct
0.05,5.0,gpt2,1,32,fp32,adamw,1900,2402.82,2288.1175332031253,2616.0,2471.166935859376,2594.7252826523445,False,False,True,False,False,correct
0.05,5.0,gpt2,1,32,fp32,adamw,2000,2402.82,2288.1175332031253,2616.0,2471.166935859376,2594.7252826523445,False,False,True,False,False,correct
0.05,5.0,gpt2,1,32,fp32,adamw,2048,2402.82,2288.1175332031253,2616.0,2471.166935859376,2594.7252826523445,False,False,True,False,False,correct
0.05,5.0,gpt2,1,32,fp32,adamw,2200,2402.82,2288.1175332031253,2616.0,2471.166935859376,2594.7252826523445,False,False,True,False,False,correct
0.05,5.0,gpt2,1,32,fp32,adamw,2400,2402.82,2288.1175332031253,2616.0,2471.166935859376,2594.7252826523445,False,False,True,False,False,correct
0.05,5.0,gpt2,1,32,fp32,adamw,2600,2402.82,2288.1175332031253,2616.0,2471.166935859376,2594.7252826523445,False,True,False,True,False,dangerous_underprediction
0.05,5.0,gpt2,1,32,fp32,adamw,2800,2402.82,2288.1175332031253,2616.0,2471.166935859376,2594.7252826523445,True,True,True,False,False,correct
0.05,5.0,gpt2,1,32,fp32,adamw,3072,2402.82,2288.1175332031253,2616.0,2471.166935859376,2594.7252826523445,True,True,True,False,False,correct
0.05,5.0,gpt2,1,32,fp32,adamw,4096,2402.82,2288.1175332031253,2616.0,2471.166935859376,2594.7252826523445,True,True,True,False,False,correct
0.05,5.0,gpt2,1,32,fp32,adamw,8192,2402.82,2288.1175332031253,2616.0,2471.166935859376,2594.7252826523445,True,True,True,False,False,correct
0.05,5.0,gpt2,1,64,fp32,adamw,768,2409.59,2348.879158203125,2670.0,2536.789490859375,2663.6289654023435,False,False,True,False,False,correct
0.05,5.0,gpt2,1,64,fp32,adamw,1024,2409.59,2348.879158203125,2670.0,2536.789490859375,2663.6289654023435,False,False,True,False,False,correct
0.05,5.0,gpt2,1,64,fp32,adamw,1200,2409.59,2348.879158203125,2670.0,2536.789490859375,2663.6289654023435,False,False,True,False,False,correct
0.05,5.0,gpt2,1,64,fp32,adamw,1300,2409.59,2348.879158203125,2670.0,2536.789490859375,2663.6289654023435,False,False,True,False,False,correct
0.05,5.0,gpt2,1,64,fp32,adamw,1400,2409.59,2348.879158203125,2670.0,2536.789490859375,2663.6289654023435,False,False,True,False,False,correct
0.05,5.0,gpt2,1,64,fp32,adamw,1500,2409.59,2348.879158203125,2670.0,2536.789490859375,2663.6289654023435,False,False,True,False,False,correct
0.05,5.0,gpt2,1,64,fp32,adamw,1600,2409.59,2348.879158203125,2670.0,2536.789490859375,2663.6289654023435,False,False,True,False,False,correct
0.05,5.0,gpt2,1,64,fp32,adamw,1700,2409.59,2348.879158203125,2670.0,2536.789490859375,2663.6289654023435,False,False,True,False,False,correct
0.05,5.0,gpt2,1,64,fp32,adamw,1800,2409.59,2348.879158203125,2670.0,2536.789490859375,2663.6289654023435,False,False,True,False,False,correct
0.05,5.0,gpt2,1,64,fp32,adamw,1900,2409.59,2348.879158203125,2670.0,2536.789490859375,2663.6289654023435,False,False,True,False,False,correct
0.05,5.0,gpt2,1,64,fp32,adamw,2000,2409.59,2348.879158203125,2670.0,2536.789490859375,2663.6289654023435,False,False,True,False,False,correct
0.05,5.0,gpt2,1,64,fp32,adamw,2048,2409.59,2348.879158203125,2670.0,2536.789490859375,2663.6289654023435,False,False,True,False,False,correct
0.05,5.0,gpt2,1,64,fp32,adamw,2200,2409.59,2348.879158203125,2670.0,2536.789490859375,2663.6289654023435,False,False,True,False,False,correct
0.05,5.0,gpt2,1,64,fp32,adamw,2400,2409.59,2348.879158203125,2670.0,2536.789490859375,2663.6289654023435,False,False,True,False,False,correct
0.05,5.0,gpt2,1,64,fp32,adamw,2600,2409.59,2348.879158203125,2670.0,2536.789490859375,2663.6289654023435,False,False,True,False,False,correct
0.05,5.0,gpt2,1,64,fp32,adamw,2800,2409.59,2348.879158203125,2670.0,2536.789490859375,2663.6289654023435,True,True,True,False,False,correct
0.05,5.0,gpt2,1,64,fp32,adamw,3072,2409.59,2348.879158203125,2670.0,2536.789490859375,2663.6289654023435,True,True,True,False,False,correct
0.05,5.0,gpt2,1,64,fp32,adamw,4096,2409.59,2348.879158203125,2670.0,2536.789490859375,2663.6289654023435,True,True,True,False,False,correct
0.05,5.0,gpt2,1,64,fp32,adamw,8192,2409.59,2348.879158203125,2670.0,2536.789490859375,2663.6289654023435,True,True,True,False,False,correct
0.05,5.0,gpt2,1,128,fp32,adamw,768,2422.73,2470.402408203125,2634.0,2668.034600859375,2801.436330902344,False,False,True,False,False,correct
0.05,5.0,gpt2,1,128,fp32,adamw,1024,2422.73,2470.402408203125,2634.0,2668.034600859375,2801.436330902344,False,False,True,False,False,correct
0.05,5.0,gpt2,1,128,fp32,adamw,1200,2422.73,2470.402408203125,2634.0,2668.034600859375,2801.436330902344,False,False,True,False,False,correct
0.05,5.0,gpt2,1,128,fp32,adamw,1300,2422.73,2470.402408203125,2634.0,2668.034600859375,2801.436330902344,False,False,True,False,False,correct
0.05,5.0,gpt2,1,128,fp32,adamw,1400,2422.73,2470.402408203125,2634.0,2668.034600859375,2801.436330902344,False,False,True,False,False,correct
0.05,5.0,gpt2,1,128,fp32,adamw,1500,2422.73,2470.402408203125,2634.0,2668.034600859375,2801.436330902344,False,False,True,False,False,correct
0.05,5.0,gpt2,1,128,fp32,adamw,1600,2422.73,2470.402408203125,2634.0,2668.034600859375,2801.436330902344,False,False,True,False,False,correct
0.05,5.0,gpt2,1,128,fp32,adamw,1700,2422.73,2470.402408203125,2634.0,2668.034600859375,2801.436330902344,False,False,True,False,False,correct
0.05,5.0,gpt2,1,128,fp32,adamw,1800,2422.73,2470.402408203125,2634.0,2668.034600859375,2801.436330902344,False,False,True,False,False,correct
0.05,5.0,gpt2,1,128,fp32,adamw,1900,2422.73,2470.402408203125,2634.0,2668.034600859375,2801.436330902344,False,False,True,False,False,correct
0.05,5.0,gpt2,1,128,fp32,adamw,2000,2422.73,2470.402408203125,2634.0,2668.034600859375,2801.436330902344,False,False,True,False,False,correct
0.05,5.0,gpt2,1,128,fp32,adamw,2048,2422.73,2470.402408203125,2634.0,2668.034600859375,2801.436330902344,False,False,True,False,False,correct
0.05,5.0,gpt2,1,128,fp32,adamw,2200,2422.73,2470.402408203125,2634.0,2668.034600859375,2801.436330902344,False,False,True,False,False,correct
0.05,5.0,gpt2,1,128,fp32,adamw,2400,2422.73,2470.402408203125,2634.0,2668.034600859375,2801.436330902344,False,False,True,False,False,correct
0.05,5.0,gpt2,1,128,fp32,adamw,2600,2422.73,2470.402408203125,2634.0,2668.034600859375,2801.436330902344,False,False,True,False,False,correct
0.05,5.0,gpt2,1,128,fp32,adamw,2800,2422.73,2470.402408203125,2634.0,2668.034600859375,2801.436330902344,True,False,False,False,True,conservative_overprediction
0.05,5.0,gpt2,1,128,fp32,adamw,3072,2422.73,2470.402408203125,2634.0,2668.034600859375,2801.436330902344,True,True,True,False,False,correct
0.05,5.0,gpt2,1,128,fp32,adamw,4096,2422.73,2470.402408203125,2634.0,2668.034600859375,2801.436330902344,True,True,True,False,False,correct
0.05,5.0,gpt2,1,128,fp32,adamw,8192,2422.73,2470.402408203125,2634.0,2668.034600859375,2801.436330902344,True,True,True,False,False,correct
0.075,7.5,distilgpt2,1,32,fp32,adamw,768,1592.43,1512.9896855468749,1700.0,1634.028860390625,1756.5810249199217,False,False,True,False,False,correct
0.075,7.5,distilgpt2,1,32,fp32,adamw,1024,1592.43,1512.9896855468749,1700.0,1634.028860390625,1756.5810249199217,False,False,True,False,False,correct
0.075,7.5,distilgpt2,1,32,fp32,adamw,1200,1592.43,1512.9896855468749,1700.0,1634.028860390625,1756.5810249199217,False,False,True,False,False,correct
0.075,7.5,distilgpt2,1,32,fp32,adamw,1300,1592.43,1512.9896855468749,1700.0,1634.028860390625,1756.5810249199217,False,False,True,False,False,correct
0.075,7.5,distilgpt2,1,32,fp32,adamw,1400,1592.43,1512.9896855468749,1700.0,1634.028860390625,1756.5810249199217,False,False,True,False,False,correct
0.075,7.5,distilgpt2,1,32,fp32,adamw,1500,1592.43,1512.9896855468749,1700.0,1634.028860390625,1756.5810249199217,False,False,True,False,False,correct
0.075,7.5,distilgpt2,1,32,fp32,adamw,1600,1592.43,1512.9896855468749,1700.0,1634.028860390625,1756.5810249199217,False,False,True,False,False,correct
0.075,7.5,distilgpt2,1,32,fp32,adamw,1700,1592.43,1512.9896855468749,1700.0,1634.028860390625,1756.5810249199217,True,False,False,False,True,conservative_overprediction
0.075,7.5,distilgpt2,1,32,fp32,adamw,1800,1592.43,1512.9896855468749,1700.0,1634.028860390625,1756.5810249199217,True,True,True,False,False,correct
0.075,7.5,distilgpt2,1,32,fp32,adamw,1900,1592.43,1512.9896855468749,1700.0,1634.028860390625,1756.5810249199217,True,True,True,False,False,correct
0.075,7.5,distilgpt2,1,32,fp32,adamw,2000,1592.43,1512.9896855468749,1700.0,1634.028860390625,1756.5810249199217,True,True,True,False,False,correct
0.075,7.5,distilgpt2,1,32,fp32,adamw,2048,1592.43,1512.9896855468749,1700.0,1634.028860390625,1756.5810249199217,True,True,True,False,False,correct
0.075,7.5,distilgpt2,1,32,fp32,adamw,2200,1592.43,1512.9896855468749,1700.0,1634.028860390625,1756.5810249199217,True,True,True,False,False,correct
0.075,7.5,distilgpt2,1,32,fp32,adamw,2400,1592.43,1512.9896855468749,1700.0,1634.028860390625,1756.5810249199217,True,True,True,False,False,correct
0.075,7.5,distilgpt2,1,32,fp32,adamw,2600,1592.43,1512.9896855468749,1700.0,1634.028860390625,1756.5810249199217,True,True,True,False,False,correct
0.075,7.5,distilgpt2,1,32,fp32,adamw,2800,1592.43,1512.9896855468749,1700.0,1634.028860390625,1756.5810249199217,True,True,True,False,False,correct
0.075,7.5,distilgpt2,1,32,fp32,adamw,3072,1592.43,1512.9896855468749,1700.0,1634.028860390625,1756.5810249199217,True,True,True,False,False,correct
0.075,7.5,distilgpt2,1,32,fp32,adamw,4096,1592.43,1512.9896855468749,1700.0,1634.028860390625,1756.5810249199217,True,True,True,False,False,correct
0.075,7.5,distilgpt2,1,32,fp32,adamw,8192,1592.43,1512.9896855468749,1700.0,1634.028860390625,1756.5810249199217,True,True,True,False,False,correct
0.075,7.5,distilgpt2,1,64,fp32,adamw,768,1600.69,1552.9860605468748,1738.0,1677.2249453906247,1803.0168162949215,False,False,True,False,False,correct
0.075,7.5,distilgpt2,1,64,fp32,adamw,1024,1600.69,1552.9860605468748,1738.0,1677.2249453906247,1803.0168162949215,False,False,True,False,False,correct
0.075,7.5,distilgpt2,1,64,fp32,adamw,1200,1600.69,1552.9860605468748,1738.0,1677.2249453906247,1803.0168162949215,False,False,True,False,False,correct
0.075,7.5,distilgpt2,1,64,fp32,adamw,1300,1600.69,1552.9860605468748,1738.0,1677.2249453906247,1803.0168162949215,False,False,True,False,False,correct
0.075,7.5,distilgpt2,1,64,fp32,adamw,1400,1600.69,1552.9860605468748,1738.0,1677.2249453906247,1803.0168162949215,False,False,True,False,False,correct
0.075,7.5,distilgpt2,1,64,fp32,adamw,1500,1600.69,1552.9860605468748,1738.0,1677.2249453906247,1803.0168162949215,False,False,True,False,False,correct
0.075,7.5,distilgpt2,1,64,fp32,adamw,1600,1600.69,1552.9860605468748,1738.0,1677.2249453906247,1803.0168162949215,False,False,True,False,False,correct
0.075,7.5,distilgpt2,1,64,fp32,adamw,1700,1600.69,1552.9860605468748,1738.0,1677.2249453906247,1803.0168162949215,False,False,True,False,False,correct
0.075,7.5,distilgpt2,1,64,fp32,adamw,1800,1600.69,1552.9860605468748,1738.0,1677.2249453906247,1803.0168162949215,True,False,False,False,True,conservative_overprediction
0.075,7.5,distilgpt2,1,64,fp32,adamw,1900,1600.69,1552.9860605468748,1738.0,1677.2249453906247,1803.0168162949215,True,True,True,False,False,correct
0.075,7.5,distilgpt2,1,64,fp32,adamw,2000,1600.69,1552.9860605468748,1738.0,1677.2249453906247,1803.0168162949215,True,True,True,False,False,correct
0.075,7.5,distilgpt2,1,64,fp32,adamw,2048,1600.69,1552.9860605468748,1738.0,1677.2249453906247,1803.0168162949215,True,True,True,False,False,correct
0.075,7.5,distilgpt2,1,64,fp32,adamw,2200,1600.69,1552.9860605468748,1738.0,1677.2249453906247,1803.0168162949215,True,True,True,False,False,correct
0.075,7.5,distilgpt2,1,64,fp32,adamw,2400,1600.69,1552.9860605468748,1738.0,1677.2249453906247,1803.0168162949215,True,True,True,False,False,correct
0.075,7.5,distilgpt2,1,64,fp32,adamw,2600,1600.69,1552.9860605468748,1738.0,1677.2249453906247,1803.0168162949215,True,True,True,False,False,correct
0.075,7.5,distilgpt2,1,64,fp32,adamw,2800,1600.69,1552.9860605468748,1738.0,1677.2249453906247,1803.0168162949215,True,True,True,False,False,correct
0.075,7.5,distilgpt2,1,64,fp32,adamw,3072,1600.69,1552.9860605468748,1738.0,1677.2249453906247,1803.0168162949215,True,True,True,False,False,correct
0.075,7.5,distilgpt2,1,64,fp32,adamw,4096,1600.69,1552.9860605468748,1738.0,1677.2249453906247,1803.0168162949215,True,True,True,False,False,correct
0.075,7.5,distilgpt2,1,64,fp32,adamw,8192,1600.69,1552.9860605468748,1738.0,1677.2249453906247,1803.0168162949215,True,True,True,False,False,correct
0.075,7.5,distilgpt2,1,128,fp32,adamw,768,1616.71,1632.978810546875,1726.0,1763.6171153906248,1895.8883990449217,False,False,True,False,False,correct
0.075,7.5,distilgpt2,1,128,fp32,adamw,1024,1616.71,1632.978810546875,1726.0,1763.6171153906248,1895.8883990449217,False,False,True,False,False,correct
0.075,7.5,distilgpt2,1,128,fp32,adamw,1200,1616.71,1632.978810546875,1726.0,1763.6171153906248,1895.8883990449217,False,False,True,False,False,correct
0.075,7.5,distilgpt2,1,128,fp32,adamw,1300,1616.71,1632.978810546875,1726.0,1763.6171153906248,1895.8883990449217,False,False,True,False,False,correct
0.075,7.5,distilgpt2,1,128,fp32,adamw,1400,1616.71,1632.978810546875,1726.0,1763.6171153906248,1895.8883990449217,False,False,True,False,False,correct
0.075,7.5,distilgpt2,1,128,fp32,adamw,1500,1616.71,1632.978810546875,1726.0,1763.6171153906248,1895.8883990449217,False,False,True,False,False,correct
0.075,7.5,distilgpt2,1,128,fp32,adamw,1600,1616.71,1632.978810546875,1726.0,1763.6171153906248,1895.8883990449217,False,False,True,False,False,correct
0.075,7.5,distilgpt2,1,128,fp32,adamw,1700,1616.71,1632.978810546875,1726.0,1763.6171153906248,1895.8883990449217,False,False,True,False,False,correct
0.075,7.5,distilgpt2,1,128,fp32,adamw,1800,1616.71,1632.978810546875,1726.0,1763.6171153906248,1895.8883990449217,True,False,False,False,True,conservative_overprediction
0.075,7.5,distilgpt2,1,128,fp32,adamw,1900,1616.71,1632.978810546875,1726.0,1763.6171153906248,1895.8883990449217,True,True,True,False,False,correct
0.075,7.5,distilgpt2,1,128,fp32,adamw,2000,1616.71,1632.978810546875,1726.0,1763.6171153906248,1895.8883990449217,True,True,True,False,False,correct
0.075,7.5,distilgpt2,1,128,fp32,adamw,2048,1616.71,1632.978810546875,1726.0,1763.6171153906248,1895.8883990449217,True,True,True,False,False,correct
0.075,7.5,distilgpt2,1,128,fp32,adamw,2200,1616.71,1632.978810546875,1726.0,1763.6171153906248,1895.8883990449217,True,True,True,False,False,correct
0.075,7.5,distilgpt2,1,128,fp32,adamw,2400,1616.71,1632.978810546875,1726.0,1763.6171153906248,1895.8883990449217,True,True,True,False,False,correct
0.075,7.5,distilgpt2,1,128,fp32,adamw,2600,1616.71,1632.978810546875,1726.0,1763.6171153906248,1895.8883990449217,True,True,True,False,False,correct
0.075,7.5,distilgpt2,1,128,fp32,adamw,2800,1616.71,1632.978810546875,1726.0,1763.6171153906248,1895.8883990449217,True,True,True,False,False,correct
0.075,7.5,distilgpt2,1,128,fp32,adamw,3072,1616.71,1632.978810546875,1726.0,1763.6171153906248,1895.8883990449217,True,True,True,False,False,correct
0.075,7.5,distilgpt2,1,128,fp32,adamw,4096,1616.71,1632.978810546875,1726.0,1763.6171153906248,1895.8883990449217,True,True,True,False,False,correct
0.075,7.5,distilgpt2,1,128,fp32,adamw,8192,1616.71,1632.978810546875,1726.0,1763.6171153906248,1895.8883990449217,True,True,True,False,False,correct
0.075,7.5,distilgpt2,1,64,fp32,adamw,768,1600.19,1552.9860605468748,1738.0,1677.2249453906247,1803.0168162949215,False,False,True,False,False,correct
0.075,7.5,distilgpt2,1,64,fp32,adamw,1024,1600.19,1552.9860605468748,1738.0,1677.2249453906247,1803.0168162949215,False,False,True,False,False,correct
0.075,7.5,distilgpt2,1,64,fp32,adamw,1200,1600.19,1552.9860605468748,1738.0,1677.2249453906247,1803.0168162949215,False,False,True,False,False,correct
0.075,7.5,distilgpt2,1,64,fp32,adamw,1300,1600.19,1552.9860605468748,1738.0,1677.2249453906247,1803.0168162949215,False,False,True,False,False,correct
0.075,7.5,distilgpt2,1,64,fp32,adamw,1400,1600.19,1552.9860605468748,1738.0,1677.2249453906247,1803.0168162949215,False,False,True,False,False,correct
0.075,7.5,distilgpt2,1,64,fp32,adamw,1500,1600.19,1552.9860605468748,1738.0,1677.2249453906247,1803.0168162949215,False,False,True,False,False,correct
0.075,7.5,distilgpt2,1,64,fp32,adamw,1600,1600.19,1552.9860605468748,1738.0,1677.2249453906247,1803.0168162949215,False,False,True,False,False,correct
0.075,7.5,distilgpt2,1,64,fp32,adamw,1700,1600.19,1552.9860605468748,1738.0,1677.2249453906247,1803.0168162949215,False,False,True,False,False,correct
0.075,7.5,distilgpt2,1,64,fp32,adamw,1800,1600.19,1552.9860605468748,1738.0,1677.2249453906247,1803.0168162949215,True,False,False,False,True,conservative_overprediction
0.075,7.5,distilgpt2,1,64,fp32,adamw,1900,1600.19,1552.9860605468748,1738.0,1677.2249453906247,1803.0168162949215,True,True,True,False,False,correct
0.075,7.5,distilgpt2,1,64,fp32,adamw,2000,1600.19,1552.9860605468748,1738.0,1677.2249453906247,1803.0168162949215,True,True,True,False,False,correct
0.075,7.5,distilgpt2,1,64,fp32,adamw,2048,1600.19,1552.9860605468748,1738.0,1677.2249453906247,1803.0168162949215,True,True,True,False,False,correct
0.075,7.5,distilgpt2,1,64,fp32,adamw,2200,1600.19,1552.9860605468748,1738.0,1677.2249453906247,1803.0168162949215,True,True,True,False,False,correct
0.075,7.5,distilgpt2,1,64,fp32,adamw,2400,1600.19,1552.9860605468748,1738.0,1677.2249453906247,1803.0168162949215,True,True,True,False,False,correct
0.075,7.5,distilgpt2,1,64,fp32,adamw,2600,1600.19,1552.9860605468748,1738.0,1677.2249453906247,1803.0168162949215,True,True,True,False,False,correct
0.075,7.5,distilgpt2,1,64,fp32,adamw,2800,1600.19,1552.9860605468748,1738.0,1677.2249453906247,1803.0168162949215,True,True,True,False,False,correct
0.075,7.5,distilgpt2,1,64,fp32,adamw,3072,1600.19,1552.9860605468748,1738.0,1677.2249453906247,1803.0168162949215,True,True,True,False,False,correct
0.075,7.5,distilgpt2,1,64,fp32,adamw,4096,1600.19,1552.9860605468748,1738.0,1677.2249453906247,1803.0168162949215,True,True,True,False,False,correct
0.075,7.5,distilgpt2,1,64,fp32,adamw,8192,1600.19,1552.9860605468748,1738.0,1677.2249453906247,1803.0168162949215,True,True,True,False,False,correct
0.075,7.5,distilgpt2,2,64,fp32,adamw,768,1616.21,1632.978810546875,1726.0,1763.6171153906248,1895.8883990449217,False,False,True,False,False,correct
0.075,7.5,distilgpt2,2,64,fp32,adamw,1024,1616.21,1632.978810546875,1726.0,1763.6171153906248,1895.8883990449217,False,False,True,False,False,correct
0.075,7.5,distilgpt2,2,64,fp32,adamw,1200,1616.21,1632.978810546875,1726.0,1763.6171153906248,1895.8883990449217,False,False,True,False,False,correct
0.075,7.5,distilgpt2,2,64,fp32,adamw,1300,1616.21,1632.978810546875,1726.0,1763.6171153906248,1895.8883990449217,False,False,True,False,False,correct
0.075,7.5,distilgpt2,2,64,fp32,adamw,1400,1616.21,1632.978810546875,1726.0,1763.6171153906248,1895.8883990449217,False,False,True,False,False,correct
0.075,7.5,distilgpt2,2,64,fp32,adamw,1500,1616.21,1632.978810546875,1726.0,1763.6171153906248,1895.8883990449217,False,False,True,False,False,correct
0.075,7.5,distilgpt2,2,64,fp32,adamw,1600,1616.21,1632.978810546875,1726.0,1763.6171153906248,1895.8883990449217,False,False,True,False,False,correct
0.075,7.5,distilgpt2,2,64,fp32,adamw,1700,1616.21,1632.978810546875,1726.0,1763.6171153906248,1895.8883990449217,False,False,True,False,False,correct
0.075,7.5,distilgpt2,2,64,fp32,adamw,1800,1616.21,1632.978810546875,1726.0,1763.6171153906248,1895.8883990449217,True,False,False,False,True,conservative_overprediction
0.075,7.5,distilgpt2,2,64,fp32,adamw,1900,1616.21,1632.978810546875,1726.0,1763.6171153906248,1895.8883990449217,True,True,True,False,False,correct
0.075,7.5,distilgpt2,2,64,fp32,adamw,2000,1616.21,1632.978810546875,1726.0,1763.6171153906248,1895.8883990449217,True,True,True,False,False,correct
0.075,7.5,distilgpt2,2,64,fp32,adamw,2048,1616.21,1632.978810546875,1726.0,1763.6171153906248,1895.8883990449217,True,True,True,False,False,correct
0.075,7.5,distilgpt2,2,64,fp32,adamw,2200,1616.21,1632.978810546875,1726.0,1763.6171153906248,1895.8883990449217,True,True,True,False,False,correct
0.075,7.5,distilgpt2,2,64,fp32,adamw,2400,1616.21,1632.978810546875,1726.0,1763.6171153906248,1895.8883990449217,True,True,True,False,False,correct
0.075,7.5,distilgpt2,2,64,fp32,adamw,2600,1616.21,1632.978810546875,1726.0,1763.6171153906248,1895.8883990449217,True,True,True,False,False,correct
0.075,7.5,distilgpt2,2,64,fp32,adamw,2800,1616.21,1632.978810546875,1726.0,1763.6171153906248,1895.8883990449217,True,True,True,False,False,correct
0.075,7.5,distilgpt2,2,64,fp32,adamw,3072,1616.21,1632.978810546875,1726.0,1763.6171153906248,1895.8883990449217,True,True,True,False,False,correct
0.075,7.5,distilgpt2,2,64,fp32,adamw,4096,1616.21,1632.978810546875,1726.0,1763.6171153906248,1895.8883990449217,True,True,True,False,False,correct
0.075,7.5,distilgpt2,2,64,fp32,adamw,8192,1616.21,1632.978810546875,1726.0,1763.6171153906248,1895.8883990449217,True,True,True,False,False,correct
0.075,7.5,distilgpt2,4,64,fp32,adamw,768,1648.43,1792.964310546875,1768.0,1936.401455390625,2081.6315645449217,False,False,True,False,False,correct
0.075,7.5,distilgpt2,4,64,fp32,adamw,1024,1648.43,1792.964310546875,1768.0,1936.401455390625,2081.6315645449217,False,False,True,False,False,correct
0.075,7.5,distilgpt2,4,64,fp32,adamw,1200,1648.43,1792.964310546875,1768.0,1936.401455390625,2081.6315645449217,False,False,True,False,False,correct
0.075,7.5,distilgpt2,4,64,fp32,adamw,1300,1648.43,1792.964310546875,1768.0,1936.401455390625,2081.6315645449217,False,False,True,False,False,correct
0.075,7.5,distilgpt2,4,64,fp32,adamw,1400,1648.43,1792.964310546875,1768.0,1936.401455390625,2081.6315645449217,False,False,True,False,False,correct
0.075,7.5,distilgpt2,4,64,fp32,adamw,1500,1648.43,1792.964310546875,1768.0,1936.401455390625,2081.6315645449217,False,False,True,False,False,correct
0.075,7.5,distilgpt2,4,64,fp32,adamw,1600,1648.43,1792.964310546875,1768.0,1936.401455390625,2081.6315645449217,False,False,True,False,False,correct
0.075,7.5,distilgpt2,4,64,fp32,adamw,1700,1648.43,1792.964310546875,1768.0,1936.401455390625,2081.6315645449217,False,False,True,False,False,correct
0.075,7.5,distilgpt2,4,64,fp32,adamw,1800,1648.43,1792.964310546875,1768.0,1936.401455390625,2081.6315645449217,True,False,False,False,True,conservative_overprediction
0.075,7.5,distilgpt2,4,64,fp32,adamw,1900,1648.43,1792.964310546875,1768.0,1936.401455390625,2081.6315645449217,True,False,False,False,True,conservative_overprediction
0.075,7.5,distilgpt2,4,64,fp32,adamw,2000,1648.43,1792.964310546875,1768.0,1936.401455390625,2081.6315645449217,True,False,False,False,True,conservative_overprediction
0.075,7.5,distilgpt2,4,64,fp32,adamw,2048,1648.43,1792.964310546875,1768.0,1936.401455390625,2081.6315645449217,True,False,False,False,True,conservative_overprediction
0.075,7.5,distilgpt2,4,64,fp32,adamw,2200,1648.43,1792.964310546875,1768.0,1936.401455390625,2081.6315645449217,True,True,True,False,False,correct
0.075,7.5,distilgpt2,4,64,fp32,adamw,2400,1648.43,1792.964310546875,1768.0,1936.401455390625,2081.6315645449217,True,True,True,False,False,correct
0.075,7.5,distilgpt2,4,64,fp32,adamw,2600,1648.43,1792.964310546875,1768.0,1936.401455390625,2081.6315645449217,True,True,True,False,False,correct
0.075,7.5,distilgpt2,4,64,fp32,adamw,2800,1648.43,1792.964310546875,1768.0,1936.401455390625,2081.6315645449217,True,True,True,False,False,correct
0.075,7.5,distilgpt2,4,64,fp32,adamw,3072,1648.43,1792.964310546875,1768.0,1936.401455390625,2081.6315645449217,True,True,True,False,False,correct
0.075,7.5,distilgpt2,4,64,fp32,adamw,4096,1648.43,1792.964310546875,1768.0,1936.401455390625,2081.6315645449217,True,True,True,False,False,correct
0.075,7.5,distilgpt2,4,64,fp32,adamw,8192,1648.43,1792.964310546875,1768.0,1936.401455390625,2081.6315645449217,True,True,True,False,False,correct
0.075,7.5,distilgpt2,1,64,fp32,sgd,768,956.49,928.042701171875,1030.0,1002.2861172656252,1077.4575760605471,False,False,True,False,False,correct
0.075,7.5,distilgpt2,1,64,fp32,sgd,1024,956.49,928.042701171875,1030.0,1002.2861172656252,1077.4575760605471,False,False,True,False,False,correct
0.075,7.5,distilgpt2,1,64,fp32,sgd,1200,956.49,928.042701171875,1030.0,1002.2861172656252,1077.4575760605471,True,True,True,False,False,correct
0.075,7.5,distilgpt2,1,64,fp32,sgd,1300,956.49,928.042701171875,1030.0,1002.2861172656252,1077.4575760605471,True,True,True,False,False,correct
0.075,7.5,distilgpt2,1,64,fp32,sgd,1400,956.49,928.042701171875,1030.0,1002.2861172656252,1077.4575760605471,True,True,True,False,False,correct
0.075,7.5,distilgpt2,1,64,fp32,sgd,1500,956.49,928.042701171875,1030.0,1002.2861172656252,1077.4575760605471,True,True,True,False,False,correct
0.075,7.5,distilgpt2,1,64,fp32,sgd,1600,956.49,928.042701171875,1030.0,1002.2861172656252,1077.4575760605471,True,True,True,False,False,correct
0.075,7.5,distilgpt2,1,64,fp32,sgd,1700,956.49,928.042701171875,1030.0,1002.2861172656252,1077.4575760605471,True,True,True,False,False,correct
0.075,7.5,distilgpt2,1,64,fp32,sgd,1800,956.49,928.042701171875,1030.0,1002.2861172656252,1077.4575760605471,True,True,True,False,False,correct
0.075,7.5,distilgpt2,1,64,fp32,sgd,1900,956.49,928.042701171875,1030.0,1002.2861172656252,1077.4575760605471,True,True,True,False,False,correct
0.075,7.5,distilgpt2,1,64,fp32,sgd,2000,956.49,928.042701171875,1030.0,1002.2861172656252,1077.4575760605471,True,True,True,False,False,correct
0.075,7.5,distilgpt2,1,64,fp32,sgd,2048,956.49,928.042701171875,1030.0,1002.2861172656252,1077.4575760605471,True,True,True,False,False,correct
0.075,7.5,distilgpt2,1,64,fp32,sgd,2200,956.49,928.042701171875,1030.0,1002.2861172656252,1077.4575760605471,True,True,True,False,False,correct
0.075,7.5,distilgpt2,1,64,fp32,sgd,2400,956.49,928.042701171875,1030.0,1002.2861172656252,1077.4575760605471,True,True,True,False,False,correct
0.075,7.5,distilgpt2,1,64,fp32,sgd,2600,956.49,928.042701171875,1030.0,1002.2861172656252,1077.4575760605471,True,True,True,False,False,correct
0.075,7.5,distilgpt2,1,64,fp32,sgd,2800,956.49,928.042701171875,1030.0,1002.2861172656252,1077.4575760605471,True,True,True,False,False,correct
0.075,7.5,distilgpt2,1,64,fp32,sgd,3072,956.49,928.042701171875,1030.0,1002.2861172656252,1077.4575760605471,True,True,True,False,False,correct
0.075,7.5,distilgpt2,1,64,fp32,sgd,4096,956.49,928.042701171875,1030.0,1002.2861172656252,1077.4575760605471,True,True,True,False,False,correct
0.075,7.5,distilgpt2,1,64,fp32,sgd,8192,956.49,928.042701171875,1030.0,1002.2861172656252,1077.4575760605471,True,True,True,False,False,correct
0.075,7.5,distilgpt2,1,64,fp32,adamw,768,1600.94,1552.9860605468748,1738.0,1677.2249453906247,1803.0168162949215,False,False,True,False,False,correct
0.075,7.5,distilgpt2,1,64,fp32,adamw,1024,1600.94,1552.9860605468748,1738.0,1677.2249453906247,1803.0168162949215,False,False,True,False,False,correct
0.075,7.5,distilgpt2,1,64,fp32,adamw,1200,1600.94,1552.9860605468748,1738.0,1677.2249453906247,1803.0168162949215,False,False,True,False,False,correct
0.075,7.5,distilgpt2,1,64,fp32,adamw,1300,1600.94,1552.9860605468748,1738.0,1677.2249453906247,1803.0168162949215,False,False,True,False,False,correct
0.075,7.5,distilgpt2,1,64,fp32,adamw,1400,1600.94,1552.9860605468748,1738.0,1677.2249453906247,1803.0168162949215,False,False,True,False,False,correct
0.075,7.5,distilgpt2,1,64,fp32,adamw,1500,1600.94,1552.9860605468748,1738.0,1677.2249453906247,1803.0168162949215,False,False,True,False,False,correct
0.075,7.5,distilgpt2,1,64,fp32,adamw,1600,1600.94,1552.9860605468748,1738.0,1677.2249453906247,1803.0168162949215,False,False,True,False,False,correct
0.075,7.5,distilgpt2,1,64,fp32,adamw,1700,1600.94,1552.9860605468748,1738.0,1677.2249453906247,1803.0168162949215,False,False,True,False,False,correct
0.075,7.5,distilgpt2,1,64,fp32,adamw,1800,1600.94,1552.9860605468748,1738.0,1677.2249453906247,1803.0168162949215,True,False,False,False,True,conservative_overprediction
0.075,7.5,distilgpt2,1,64,fp32,adamw,1900,1600.94,1552.9860605468748,1738.0,1677.2249453906247,1803.0168162949215,True,True,True,False,False,correct
0.075,7.5,distilgpt2,1,64,fp32,adamw,2000,1600.94,1552.9860605468748,1738.0,1677.2249453906247,1803.0168162949215,True,True,True,False,False,correct
0.075,7.5,distilgpt2,1,64,fp32,adamw,2048,1600.94,1552.9860605468748,1738.0,1677.2249453906247,1803.0168162949215,True,True,True,False,False,correct
0.075,7.5,distilgpt2,1,64,fp32,adamw,2200,1600.94,1552.9860605468748,1738.0,1677.2249453906247,1803.0168162949215,True,True,True,False,False,correct
0.075,7.5,distilgpt2,1,64,fp32,adamw,2400,1600.94,1552.9860605468748,1738.0,1677.2249453906247,1803.0168162949215,True,True,True,False,False,correct
0.075,7.5,distilgpt2,1,64,fp32,adamw,2600,1600.94,1552.9860605468748,1738.0,1677.2249453906247,1803.0168162949215,True,True,True,False,False,correct
0.075,7.5,distilgpt2,1,64,fp32,adamw,2800,1600.94,1552.9860605468748,1738.0,1677.2249453906247,1803.0168162949215,True,True,True,False,False,correct
0.075,7.5,distilgpt2,1,64,fp32,adamw,3072,1600.94,1552.9860605468748,1738.0,1677.2249453906247,1803.0168162949215,True,True,True,False,False,correct
0.075,7.5,distilgpt2,1,64,fp32,adamw,4096,1600.94,1552.9860605468748,1738.0,1677.2249453906247,1803.0168162949215,True,True,True,False,False,correct
0.075,7.5,distilgpt2,1,64,fp32,adamw,8192,1600.94,1552.9860605468748,1738.0,1677.2249453906247,1803.0168162949215,True,True,True,False,False,correct
0.075,7.5,gpt2,1,32,fp32,sgd,768,1271.56,1196.307083984375,1388.0,1292.0116507031248,1388.9125245058592,False,False,True,False,False,correct
0.075,7.5,gpt2,1,32,fp32,sgd,1024,1271.56,1196.307083984375,1388.0,1292.0116507031248,1388.9125245058592,False,False,True,False,False,correct
0.075,7.5,gpt2,1,32,fp32,sgd,1200,1271.56,1196.307083984375,1388.0,1292.0116507031248,1388.9125245058592,False,False,True,False,False,correct
0.075,7.5,gpt2,1,32,fp32,sgd,1300,1271.56,1196.307083984375,1388.0,1292.0116507031248,1388.9125245058592,False,False,True,False,False,correct
0.075,7.5,gpt2,1,32,fp32,sgd,1400,1271.56,1196.307083984375,1388.0,1292.0116507031248,1388.9125245058592,True,True,True,False,False,correct
0.075,7.5,gpt2,1,32,fp32,sgd,1500,1271.56,1196.307083984375,1388.0,1292.0116507031248,1388.9125245058592,True,True,True,False,False,correct
0.075,7.5,gpt2,1,32,fp32,sgd,1600,1271.56,1196.307083984375,1388.0,1292.0116507031248,1388.9125245058592,True,True,True,False,False,correct
0.075,7.5,gpt2,1,32,fp32,sgd,1700,1271.56,1196.307083984375,1388.0,1292.0116507031248,1388.9125245058592,True,True,True,False,False,correct
0.075,7.5,gpt2,1,32,fp32,sgd,1800,1271.56,1196.307083984375,1388.0,1292.0116507031248,1388.9125245058592,True,True,True,False,False,correct
0.075,7.5,gpt2,1,32,fp32,sgd,1900,1271.56,1196.307083984375,1388.0,1292.0116507031248,1388.9125245058592,True,True,True,False,False,correct
0.075,7.5,gpt2,1,32,fp32,sgd,2000,1271.56,1196.307083984375,1388.0,1292.0116507031248,1388.9125245058592,True,True,True,False,False,correct
0.075,7.5,gpt2,1,32,fp32,sgd,2048,1271.56,1196.307083984375,1388.0,1292.0116507031248,1388.9125245058592,True,True,True,False,False,correct
0.075,7.5,gpt2,1,32,fp32,sgd,2200,1271.56,1196.307083984375,1388.0,1292.0116507031248,1388.9125245058592,True,True,True,False,False,correct
0.075,7.5,gpt2,1,32,fp32,sgd,2400,1271.56,1196.307083984375,1388.0,1292.0116507031248,1388.9125245058592,True,True,True,False,False,correct
0.075,7.5,gpt2,1,32,fp32,sgd,2600,1271.56,1196.307083984375,1388.0,1292.0116507031248,1388.9125245058592,True,True,True,False,False,correct
0.075,7.5,gpt2,1,32,fp32,sgd,2800,1271.56,1196.307083984375,1388.0,1292.0116507031248,1388.9125245058592,True,True,True,False,False,correct
0.075,7.5,gpt2,1,32,fp32,sgd,3072,1271.56,1196.307083984375,1388.0,1292.0116507031248,1388.9125245058592,True,True,True,False,False,correct
0.075,7.5,gpt2,1,32,fp32,sgd,4096,1271.56,1196.307083984375,1388.0,1292.0116507031248,1388.9125245058592,True,True,True,False,False,correct
0.075,7.5,gpt2,1,32,fp32,sgd,8192,1271.56,1196.307083984375,1388.0,1292.0116507031248,1388.9125245058592,True,True,True,False,False,correct
0.075,7.5,gpt2,1,64,fp32,sgd,768,1279.2,1257.068708984375,1422.0,1357.634205703125,1459.4567711308594,False,False,True,False,False,correct
0.075,7.5,gpt2,1,64,fp32,sgd,1024,1279.2,1257.068708984375,1422.0,1357.634205703125,1459.4567711308594,False,False,True,False,False,correct
0.075,7.5,gpt2,1,64,fp32,sgd,1200,1279.2,1257.068708984375,1422.0,1357.634205703125,1459.4567711308594,False,False,True,False,False,correct
0.075,7.5,gpt2,1,64,fp32,sgd,1300,1279.2,1257.068708984375,1422.0,1357.634205703125,1459.4567711308594,False,False,True,False,False,correct
0.075,7.5,gpt2,1,64,fp32,sgd,1400,1279.2,1257.068708984375,1422.0,1357.634205703125,1459.4567711308594,False,False,True,False,False,correct
0.075,7.5,gpt2,1,64,fp32,sgd,1500,1279.2,1257.068708984375,1422.0,1357.634205703125,1459.4567711308594,True,True,True,False,False,correct
0.075,7.5,gpt2,1,64,fp32,sgd,1600,1279.2,1257.068708984375,1422.0,1357.634205703125,1459.4567711308594,True,True,True,False,False,correct
0.075,7.5,gpt2,1,64,fp32,sgd,1700,1279.2,1257.068708984375,1422.0,1357.634205703125,1459.4567711308594,True,True,True,False,False,correct
0.075,7.5,gpt2,1,64,fp32,sgd,1800,1279.2,1257.068708984375,1422.0,1357.634205703125,1459.4567711308594,True,True,True,False,False,correct
0.075,7.5,gpt2,1,64,fp32,sgd,1900,1279.2,1257.068708984375,1422.0,1357.634205703125,1459.4567711308594,True,True,True,False,False,correct
0.075,7.5,gpt2,1,64,fp32,sgd,2000,1279.2,1257.068708984375,1422.0,1357.634205703125,1459.4567711308594,True,True,True,False,False,correct
0.075,7.5,gpt2,1,64,fp32,sgd,2048,1279.2,1257.068708984375,1422.0,1357.634205703125,1459.4567711308594,True,True,True,False,False,correct
0.075,7.5,gpt2,1,64,fp32,sgd,2200,1279.2,1257.068708984375,1422.0,1357.634205703125,1459.4567711308594,True,True,True,False,False,correct
0.075,7.5,gpt2,1,64,fp32,sgd,2400,1279.2,1257.068708984375,1422.0,1357.634205703125,1459.4567711308594,True,True,True,False,False,correct
0.075,7.5,gpt2,1,64,fp32,sgd,2600,1279.2,1257.068708984375,1422.0,1357.634205703125,1459.4567711308594,True,True,True,False,False,correct
0.075,7.5,gpt2,1,64,fp32,sgd,2800,1279.2,1257.068708984375,1422.0,1357.634205703125,1459.4567711308594,True,True,True,False,False,correct
0.075,7.5,gpt2,1,64,fp32,sgd,3072,1279.2,1257.068708984375,1422.0,1357.634205703125,1459.4567711308594,True,True,True,False,False,correct
0.075,7.5,gpt2,1,64,fp32,sgd,4096,1279.2,1257.068708984375,1422.0,1357.634205703125,1459.4567711308594,True,True,True,False,False,correct
0.075,7.5,gpt2,1,64,fp32,sgd,8192,1279.2,1257.068708984375,1422.0,1357.634205703125,1459.4567711308594,True,True,True,False,False,correct
0.075,7.5,gpt2,1,128,fp32,sgd,768,1292.34,1378.591958984375,1406.0,1488.879315703125,1600.5452643808594,False,False,True,False,False,correct
0.075,7.5,gpt2,1,128,fp32,sgd,1024,1292.34,1378.591958984375,1406.0,1488.879315703125,1600.5452643808594,False,False,True,False,False,correct
0.075,7.5,gpt2,1,128,fp32,sgd,1200,1292.34,1378.591958984375,1406.0,1488.879315703125,1600.5452643808594,False,False,True,False,False,correct
0.075,7.5,gpt2,1,128,fp32,sgd,1300,1292.34,1378.591958984375,1406.0,1488.879315703125,1600.5452643808594,False,False,True,False,False,correct
0.075,7.5,gpt2,1,128,fp32,sgd,1400,1292.34,1378.591958984375,1406.0,1488.879315703125,1600.5452643808594,False,False,True,False,False,correct
0.075,7.5,gpt2,1,128,fp32,sgd,1500,1292.34,1378.591958984375,1406.0,1488.879315703125,1600.5452643808594,True,False,False,False,True,conservative_overprediction
0.075,7.5,gpt2,1,128,fp32,sgd,1600,1292.34,1378.591958984375,1406.0,1488.879315703125,1600.5452643808594,True,False,False,False,True,conservative_overprediction
0.075,7.5,gpt2,1,128,fp32,sgd,1700,1292.34,1378.591958984375,1406.0,1488.879315703125,1600.5452643808594,True,True,True,False,False,correct
0.075,7.5,gpt2,1,128,fp32,sgd,1800,1292.34,1378.591958984375,1406.0,1488.879315703125,1600.5452643808594,True,True,True,False,False,correct
0.075,7.5,gpt2,1,128,fp32,sgd,1900,1292.34,1378.591958984375,1406.0,1488.879315703125,1600.5452643808594,True,True,True,False,False,correct
0.075,7.5,gpt2,1,128,fp32,sgd,2000,1292.34,1378.591958984375,1406.0,1488.879315703125,1600.5452643808594,True,True,True,False,False,correct
0.075,7.5,gpt2,1,128,fp32,sgd,2048,1292.34,1378.591958984375,1406.0,1488.879315703125,1600.5452643808594,True,True,True,False,False,correct
0.075,7.5,gpt2,1,128,fp32,sgd,2200,1292.34,1378.591958984375,1406.0,1488.879315703125,1600.5452643808594,True,True,True,False,False,correct
0.075,7.5,gpt2,1,128,fp32,sgd,2400,1292.34,1378.591958984375,1406.0,1488.879315703125,1600.5452643808594,True,True,True,False,False,correct
0.075,7.5,gpt2,1,128,fp32,sgd,2600,1292.34,1378.591958984375,1406.0,1488.879315703125,1600.5452643808594,True,True,True,False,False,correct
0.075,7.5,gpt2,1,128,fp32,sgd,2800,1292.34,1378.591958984375,1406.0,1488.879315703125,1600.5452643808594,True,True,True,False,False,correct
0.075,7.5,gpt2,1,128,fp32,sgd,3072,1292.34,1378.591958984375,1406.0,1488.879315703125,1600.5452643808594,True,True,True,False,False,correct
0.075,7.5,gpt2,1,128,fp32,sgd,4096,1292.34,1378.591958984375,1406.0,1488.879315703125,1600.5452643808594,True,True,True,False,False,correct
0.075,7.5,gpt2,1,128,fp32,sgd,8192,1292.34,1378.591958984375,1406.0,1488.879315703125,1600.5452643808594,True,True,True,False,False,correct
0.075,7.5,gpt2,1,32,fp32,adamw,768,2402.82,2288.1175332031253,2616.0,2471.166935859376,2656.504456048829,False,False,True,False,False,correct
0.075,7.5,gpt2,1,32,fp32,adamw,1024,2402.82,2288.1175332031253,2616.0,2471.166935859376,2656.504456048829,False,False,True,False,False,correct
0.075,7.5,gpt2,1,32,fp32,adamw,1200,2402.82,2288.1175332031253,2616.0,2471.166935859376,2656.504456048829,False,False,True,False,False,correct
0.075,7.5,gpt2,1,32,fp32,adamw,1300,2402.82,2288.1175332031253,2616.0,2471.166935859376,2656.504456048829,False,False,True,False,False,correct
0.075,7.5,gpt2,1,32,fp32,adamw,1400,2402.82,2288.1175332031253,2616.0,2471.166935859376,2656.504456048829,False,False,True,False,False,correct
0.075,7.5,gpt2,1,32,fp32,adamw,1500,2402.82,2288.1175332031253,2616.0,2471.166935859376,2656.504456048829,False,False,True,False,False,correct
0.075,7.5,gpt2,1,32,fp32,adamw,1600,2402.82,2288.1175332031253,2616.0,2471.166935859376,2656.504456048829,False,False,True,False,False,correct
0.075,7.5,gpt2,1,32,fp32,adamw,1700,2402.82,2288.1175332031253,2616.0,2471.166935859376,2656.504456048829,False,False,True,False,False,correct
0.075,7.5,gpt2,1,32,fp32,adamw,1800,2402.82,2288.1175332031253,2616.0,2471.166935859376,2656.504456048829,False,False,True,False,False,correct
0.075,7.5,gpt2,1,32,fp32,adamw,1900,2402.82,2288.1175332031253,2616.0,2471.166935859376,2656.504456048829,False,False,True,False,False,correct
0.075,7.5,gpt2,1,32,fp32,adamw,2000,2402.82,2288.1175332031253,2616.0,2471.166935859376,2656.504456048829,False,False,True,False,False,correct
0.075,7.5,gpt2,1,32,fp32,adamw,2048,2402.82,2288.1175332031253,2616.0,2471.166935859376,2656.504456048829,False,False,True,False,False,correct
0.075,7.5,gpt2,1,32,fp32,adamw,2200,2402.82,2288.1175332031253,2616.0,2471.166935859376,2656.504456048829,False,False,True,False,False,correct
0.075,7.5,gpt2,1,32,fp32,adamw,2400,2402.82,2288.1175332031253,2616.0,2471.166935859376,2656.504456048829,False,False,True,False,False,correct
0.075,7.5,gpt2,1,32,fp32,adamw,2600,2402.82,2288.1175332031253,2616.0,2471.166935859376,2656.504456048829,False,False,True,False,False,correct
0.075,7.5,gpt2,1,32,fp32,adamw,2800,2402.82,2288.1175332031253,2616.0,2471.166935859376,2656.504456048829,True,True,True,False,False,correct
0.075,7.5,gpt2,1,32,fp32,adamw,3072,2402.82,2288.1175332031253,2616.0,2471.166935859376,2656.504456048829,True,True,True,False,False,correct
0.075,7.5,gpt2,1,32,fp32,adamw,4096,2402.82,2288.1175332031253,2616.0,2471.166935859376,2656.504456048829,True,True,True,False,False,correct
0.075,7.5,gpt2,1,32,fp32,adamw,8192,2402.82,2288.1175332031253,2616.0,2471.166935859376,2656.504456048829,True,True,True,False,False,correct
0.075,7.5,gpt2,1,64,fp32,adamw,768,2409.59,2348.879158203125,2670.0,2536.789490859375,2727.048702673828,False,False,True,False,False,correct
0.075,7.5,gpt2,1,64,fp32,adamw,1024,2409.59,2348.879158203125,2670.0,2536.789490859375,2727.048702673828,False,False,True,False,False,correct
0.075,7.5,gpt2,1,64,fp32,adamw,1200,2409.59,2348.879158203125,2670.0,2536.789490859375,2727.048702673828,False,False,True,False,False,correct
0.075,7.5,gpt2,1,64,fp32,adamw,1300,2409.59,2348.879158203125,2670.0,2536.789490859375,2727.048702673828,False,False,True,False,False,correct
0.075,7.5,gpt2,1,64,fp32,adamw,1400,2409.59,2348.879158203125,2670.0,2536.789490859375,2727.048702673828,False,False,True,False,False,correct
0.075,7.5,gpt2,1,64,fp32,adamw,1500,2409.59,2348.879158203125,2670.0,2536.789490859375,2727.048702673828,False,False,True,False,False,correct
0.075,7.5,gpt2,1,64,fp32,adamw,1600,2409.59,2348.879158203125,2670.0,2536.789490859375,2727.048702673828,False,False,True,False,False,correct
0.075,7.5,gpt2,1,64,fp32,adamw,1700,2409.59,2348.879158203125,2670.0,2536.789490859375,2727.048702673828,False,False,True,False,False,correct
0.075,7.5,gpt2,1,64,fp32,adamw,1800,2409.59,2348.879158203125,2670.0,2536.789490859375,2727.048702673828,False,False,True,False,False,correct
0.075,7.5,gpt2,1,64,fp32,adamw,1900,2409.59,2348.879158203125,2670.0,2536.789490859375,2727.048702673828,False,False,True,False,False,correct
0.075,7.5,gpt2,1,64,fp32,adamw,2000,2409.59,2348.879158203125,2670.0,2536.789490859375,2727.048702673828,False,False,True,False,False,correct
0.075,7.5,gpt2,1,64,fp32,adamw,2048,2409.59,2348.879158203125,2670.0,2536.789490859375,2727.048702673828,False,False,True,False,False,correct
0.075,7.5,gpt2,1,64,fp32,adamw,2200,2409.59,2348.879158203125,2670.0,2536.789490859375,2727.048702673828,False,False,True,False,False,correct
0.075,7.5,gpt2,1,64,fp32,adamw,2400,2409.59,2348.879158203125,2670.0,2536.789490859375,2727.048702673828,False,False,True,False,False,correct
0.075,7.5,gpt2,1,64,fp32,adamw,2600,2409.59,2348.879158203125,2670.0,2536.789490859375,2727.048702673828,False,False,True,False,False,correct
0.075,7.5,gpt2,1,64,fp32,adamw,2800,2409.59,2348.879158203125,2670.0,2536.789490859375,2727.048702673828,True,True,True,False,False,correct
0.075,7.5,gpt2,1,64,fp32,adamw,3072,2409.59,2348.879158203125,2670.0,2536.789490859375,2727.048702673828,True,True,True,False,False,correct
0.075,7.5,gpt2,1,64,fp32,adamw,4096,2409.59,2348.879158203125,2670.0,2536.789490859375,2727.048702673828,True,True,True,False,False,correct
0.075,7.5,gpt2,1,64,fp32,adamw,8192,2409.59,2348.879158203125,2670.0,2536.789490859375,2727.048702673828,True,True,True,False,False,correct
0.075,7.5,gpt2,1,128,fp32,adamw,768,2422.73,2470.402408203125,2634.0,2668.034600859375,2868.137195923828,False,False,True,False,False,correct
0.075,7.5,gpt2,1,128,fp32,adamw,1024,2422.73,2470.402408203125,2634.0,2668.034600859375,2868.137195923828,False,False,True,False,False,correct
0.075,7.5,gpt2,1,128,fp32,adamw,1200,2422.73,2470.402408203125,2634.0,2668.034600859375,2868.137195923828,False,False,True,False,False,correct
0.075,7.5,gpt2,1,128,fp32,adamw,1300,2422.73,2470.402408203125,2634.0,2668.034600859375,2868.137195923828,False,False,True,False,False,correct
0.075,7.5,gpt2,1,128,fp32,adamw,1400,2422.73,2470.402408203125,2634.0,2668.034600859375,2868.137195923828,False,False,True,False,False,correct
0.075,7.5,gpt2,1,128,fp32,adamw,1500,2422.73,2470.402408203125,2634.0,2668.034600859375,2868.137195923828,False,False,True,False,False,correct
0.075,7.5,gpt2,1,128,fp32,adamw,1600,2422.73,2470.402408203125,2634.0,2668.034600859375,2868.137195923828,False,False,True,False,False,correct
0.075,7.5,gpt2,1,128,fp32,adamw,1700,2422.73,2470.402408203125,2634.0,2668.034600859375,2868.137195923828,False,False,True,False,False,correct
0.075,7.5,gpt2,1,128,fp32,adamw,1800,2422.73,2470.402408203125,2634.0,2668.034600859375,2868.137195923828,False,False,True,False,False,correct
0.075,7.5,gpt2,1,128,fp32,adamw,1900,2422.73,2470.402408203125,2634.0,2668.034600859375,2868.137195923828,False,False,True,False,False,correct
0.075,7.5,gpt2,1,128,fp32,adamw,2000,2422.73,2470.402408203125,2634.0,2668.034600859375,2868.137195923828,False,False,True,False,False,correct
0.075,7.5,gpt2,1,128,fp32,adamw,2048,2422.73,2470.402408203125,2634.0,2668.034600859375,2868.137195923828,False,False,True,False,False,correct
0.075,7.5,gpt2,1,128,fp32,adamw,2200,2422.73,2470.402408203125,2634.0,2668.034600859375,2868.137195923828,False,False,True,False,False,correct
0.075,7.5,gpt2,1,128,fp32,adamw,2400,2422.73,2470.402408203125,2634.0,2668.034600859375,2868.137195923828,False,False,True,False,False,correct
0.075,7.5,gpt2,1,128,fp32,adamw,2600,2422.73,2470.402408203125,2634.0,2668.034600859375,2868.137195923828,False,False,True,False,False,correct
0.075,7.5,gpt2,1,128,fp32,adamw,2800,2422.73,2470.402408203125,2634.0,2668.034600859375,2868.137195923828,True,False,False,False,True,conservative_overprediction
0.075,7.5,gpt2,1,128,fp32,adamw,3072,2422.73,2470.402408203125,2634.0,2668.034600859375,2868.137195923828,True,True,True,False,False,correct
0.075,7.5,gpt2,1,128,fp32,adamw,4096,2422.73,2470.402408203125,2634.0,2668.034600859375,2868.137195923828,True,True,True,False,False,correct
0.075,7.5,gpt2,1,128,fp32,adamw,8192,2422.73,2470.402408203125,2634.0,2668.034600859375,2868.137195923828,True,True,True,False,False,correct
0.1,10.0,distilgpt2,1,32,fp32,adamw,768,1592.43,1512.9896855468749,1700.0,1634.028860390625,1797.4317464296876,False,False,True,False,False,correct
0.1,10.0,distilgpt2,1,32,fp32,adamw,1024,1592.43,1512.9896855468749,1700.0,1634.028860390625,1797.4317464296876,False,False,True,False,False,correct
0.1,10.0,distilgpt2,1,32,fp32,adamw,1200,1592.43,1512.9896855468749,1700.0,1634.028860390625,1797.4317464296876,False,False,True,False,False,correct
0.1,10.0,distilgpt2,1,32,fp32,adamw,1300,1592.43,1512.9896855468749,1700.0,1634.028860390625,1797.4317464296876,False,False,True,False,False,correct
0.1,10.0,distilgpt2,1,32,fp32,adamw,1400,1592.43,1512.9896855468749,1700.0,1634.028860390625,1797.4317464296876,False,False,True,False,False,correct
0.1,10.0,distilgpt2,1,32,fp32,adamw,1500,1592.43,1512.9896855468749,1700.0,1634.028860390625,1797.4317464296876,False,False,True,False,False,correct
0.1,10.0,distilgpt2,1,32,fp32,adamw,1600,1592.43,1512.9896855468749,1700.0,1634.028860390625,1797.4317464296876,False,False,True,False,False,correct
0.1,10.0,distilgpt2,1,32,fp32,adamw,1700,1592.43,1512.9896855468749,1700.0,1634.028860390625,1797.4317464296876,True,False,False,False,True,conservative_overprediction
0.1,10.0,distilgpt2,1,32,fp32,adamw,1800,1592.43,1512.9896855468749,1700.0,1634.028860390625,1797.4317464296876,True,True,True,False,False,correct
0.1,10.0,distilgpt2,1,32,fp32,adamw,1900,1592.43,1512.9896855468749,1700.0,1634.028860390625,1797.4317464296876,True,True,True,False,False,correct
0.1,10.0,distilgpt2,1,32,fp32,adamw,2000,1592.43,1512.9896855468749,1700.0,1634.028860390625,1797.4317464296876,True,True,True,False,False,correct
0.1,10.0,distilgpt2,1,32,fp32,adamw,2048,1592.43,1512.9896855468749,1700.0,1634.028860390625,1797.4317464296876,True,True,True,False,False,correct
0.1,10.0,distilgpt2,1,32,fp32,adamw,2200,1592.43,1512.9896855468749,1700.0,1634.028860390625,1797.4317464296876,True,True,True,False,False,correct
0.1,10.0,distilgpt2,1,32,fp32,adamw,2400,1592.43,1512.9896855468749,1700.0,1634.028860390625,1797.4317464296876,True,True,True,False,False,correct
0.1,10.0,distilgpt2,1,32,fp32,adamw,2600,1592.43,1512.9896855468749,1700.0,1634.028860390625,1797.4317464296876,True,True,True,False,False,correct
0.1,10.0,distilgpt2,1,32,fp32,adamw,2800,1592.43,1512.9896855468749,1700.0,1634.028860390625,1797.4317464296876,True,True,True,False,False,correct
0.1,10.0,distilgpt2,1,32,fp32,adamw,3072,1592.43,1512.9896855468749,1700.0,1634.028860390625,1797.4317464296876,True,True,True,False,False,correct
0.1,10.0,distilgpt2,1,32,fp32,adamw,4096,1592.43,1512.9896855468749,1700.0,1634.028860390625,1797.4317464296876,True,True,True,False,False,correct
0.1,10.0,distilgpt2,1,32,fp32,adamw,8192,1592.43,1512.9896855468749,1700.0,1634.028860390625,1797.4317464296876,True,True,True,False,False,correct
0.1,10.0,distilgpt2,1,64,fp32,adamw,768,1600.69,1552.9860605468748,1738.0,1677.2249453906247,1844.9474399296873,False,False,True,False,False,correct
0.1,10.0,distilgpt2,1,64,fp32,adamw,1024,1600.69,1552.9860605468748,1738.0,1677.2249453906247,1844.9474399296873,False,False,True,False,False,correct
0.1,10.0,distilgpt2,1,64,fp32,adamw,1200,1600.69,1552.9860605468748,1738.0,1677.2249453906247,1844.9474399296873,False,False,True,False,False,correct
0.1,10.0,distilgpt2,1,64,fp32,adamw,1300,1600.69,1552.9860605468748,1738.0,1677.2249453906247,1844.9474399296873,False,False,True,False,False,correct
0.1,10.0,distilgpt2,1,64,fp32,adamw,1400,1600.69,1552.9860605468748,1738.0,1677.2249453906247,1844.9474399296873,False,False,True,False,False,correct
0.1,10.0,distilgpt2,1,64,fp32,adamw,1500,1600.69,1552.9860605468748,1738.0,1677.2249453906247,1844.9474399296873,False,False,True,False,False,correct
0.1,10.0,distilgpt2,1,64,fp32,adamw,1600,1600.69,1552.9860605468748,1738.0,1677.2249453906247,1844.9474399296873,False,False,True,False,False,correct
0.1,10.0,distilgpt2,1,64,fp32,adamw,1700,1600.69,1552.9860605468748,1738.0,1677.2249453906247,1844.9474399296873,False,False,True,False,False,correct
0.1,10.0,distilgpt2,1,64,fp32,adamw,1800,1600.69,1552.9860605468748,1738.0,1677.2249453906247,1844.9474399296873,True,False,False,False,True,conservative_overprediction
0.1,10.0,distilgpt2,1,64,fp32,adamw,1900,1600.69,1552.9860605468748,1738.0,1677.2249453906247,1844.9474399296873,True,True,True,False,False,correct
0.1,10.0,distilgpt2,1,64,fp32,adamw,2000,1600.69,1552.9860605468748,1738.0,1677.2249453906247,1844.9474399296873,True,True,True,False,False,correct
0.1,10.0,distilgpt2,1,64,fp32,adamw,2048,1600.69,1552.9860605468748,1738.0,1677.2249453906247,1844.9474399296873,True,True,True,False,False,correct
0.1,10.0,distilgpt2,1,64,fp32,adamw,2200,1600.69,1552.9860605468748,1738.0,1677.2249453906247,1844.9474399296873,True,True,True,False,False,correct
0.1,10.0,distilgpt2,1,64,fp32,adamw,2400,1600.69,1552.9860605468748,1738.0,1677.2249453906247,1844.9474399296873,True,True,True,False,False,correct
0.1,10.0,distilgpt2,1,64,fp32,adamw,2600,1600.69,1552.9860605468748,1738.0,1677.2249453906247,1844.9474399296873,True,True,True,False,False,correct
0.1,10.0,distilgpt2,1,64,fp32,adamw,2800,1600.69,1552.9860605468748,1738.0,1677.2249453906247,1844.9474399296873,True,True,True,False,False,correct
0.1,10.0,distilgpt2,1,64,fp32,adamw,3072,1600.69,1552.9860605468748,1738.0,1677.2249453906247,1844.9474399296873,True,True,True,False,False,correct
0.1,10.0,distilgpt2,1,64,fp32,adamw,4096,1600.69,1552.9860605468748,1738.0,1677.2249453906247,1844.9474399296873,True,True,True,False,False,correct
0.1,10.0,distilgpt2,1,64,fp32,adamw,8192,1600.69,1552.9860605468748,1738.0,1677.2249453906247,1844.9474399296873,True,True,True,False,False,correct
0.1,10.0,distilgpt2,1,128,fp32,adamw,768,1616.71,1632.978810546875,1726.0,1763.6171153906248,1939.9788269296873,False,False,True,False,False,correct
0.1,10.0,distilgpt2,1,128,fp32,adamw,1024,1616.71,1632.978810546875,1726.0,1763.6171153906248,1939.9788269296873,False,False,True,False,False,correct
0.1,10.0,distilgpt2,1,128,fp32,adamw,1200,1616.71,1632.978810546875,1726.0,1763.6171153906248,1939.9788269296873,False,False,True,False,False,correct
0.1,10.0,distilgpt2,1,128,fp32,adamw,1300,1616.71,1632.978810546875,1726.0,1763.6171153906248,1939.9788269296873,False,False,True,False,False,correct
0.1,10.0,distilgpt2,1,128,fp32,adamw,1400,1616.71,1632.978810546875,1726.0,1763.6171153906248,1939.9788269296873,False,False,True,False,False,correct
0.1,10.0,distilgpt2,1,128,fp32,adamw,1500,1616.71,1632.978810546875,1726.0,1763.6171153906248,1939.9788269296873,False,False,True,False,False,correct
0.1,10.0,distilgpt2,1,128,fp32,adamw,1600,1616.71,1632.978810546875,1726.0,1763.6171153906248,1939.9788269296873,False,False,True,False,False,correct
0.1,10.0,distilgpt2,1,128,fp32,adamw,1700,1616.71,1632.978810546875,1726.0,1763.6171153906248,1939.9788269296873,False,False,True,False,False,correct
0.1,10.0,distilgpt2,1,128,fp32,adamw,1800,1616.71,1632.978810546875,1726.0,1763.6171153906248,1939.9788269296873,True,False,False,False,True,conservative_overprediction
0.1,10.0,distilgpt2,1,128,fp32,adamw,1900,1616.71,1632.978810546875,1726.0,1763.6171153906248,1939.9788269296873,True,False,False,False,True,conservative_overprediction
0.1,10.0,distilgpt2,1,128,fp32,adamw,2000,1616.71,1632.978810546875,1726.0,1763.6171153906248,1939.9788269296873,True,True,True,False,False,correct
0.1,10.0,distilgpt2,1,128,fp32,adamw,2048,1616.71,1632.978810546875,1726.0,1763.6171153906248,1939.9788269296873,True,True,True,False,False,correct
0.1,10.0,distilgpt2,1,128,fp32,adamw,2200,1616.71,1632.978810546875,1726.0,1763.6171153906248,1939.9788269296873,True,True,True,False,False,correct
0.1,10.0,distilgpt2,1,128,fp32,adamw,2400,1616.71,1632.978810546875,1726.0,1763.6171153906248,1939.9788269296873,True,True,True,False,False,correct
0.1,10.0,distilgpt2,1,128,fp32,adamw,2600,1616.71,1632.978810546875,1726.0,1763.6171153906248,1939.9788269296873,True,True,True,False,False,correct
0.1,10.0,distilgpt2,1,128,fp32,adamw,2800,1616.71,1632.978810546875,1726.0,1763.6171153906248,1939.9788269296873,True,True,True,False,False,correct
0.1,10.0,distilgpt2,1,128,fp32,adamw,3072,1616.71,1632.978810546875,1726.0,1763.6171153906248,1939.9788269296873,True,True,True,False,False,correct
0.1,10.0,distilgpt2,1,128,fp32,adamw,4096,1616.71,1632.978810546875,1726.0,1763.6171153906248,1939.9788269296873,True,True,True,False,False,correct
0.1,10.0,distilgpt2,1,128,fp32,adamw,8192,1616.71,1632.978810546875,1726.0,1763.6171153906248,1939.9788269296873,True,True,True,False,False,correct
0.1,10.0,distilgpt2,1,64,fp32,adamw,768,1600.19,1552.9860605468748,1738.0,1677.2249453906247,1844.9474399296873,False,False,True,False,False,correct
0.1,10.0,distilgpt2,1,64,fp32,adamw,1024,1600.19,1552.9860605468748,1738.0,1677.2249453906247,1844.9474399296873,False,False,True,False,False,correct
0.1,10.0,distilgpt2,1,64,fp32,adamw,1200,1600.19,1552.9860605468748,1738.0,1677.2249453906247,1844.9474399296873,False,False,True,False,False,correct
0.1,10.0,distilgpt2,1,64,fp32,adamw,1300,1600.19,1552.9860605468748,1738.0,1677.2249453906247,1844.9474399296873,False,False,True,False,False,correct
0.1,10.0,distilgpt2,1,64,fp32,adamw,1400,1600.19,1552.9860605468748,1738.0,1677.2249453906247,1844.9474399296873,False,False,True,False,False,correct
0.1,10.0,distilgpt2,1,64,fp32,adamw,1500,1600.19,1552.9860605468748,1738.0,1677.2249453906247,1844.9474399296873,False,False,True,False,False,correct
0.1,10.0,distilgpt2,1,64,fp32,adamw,1600,1600.19,1552.9860605468748,1738.0,1677.2249453906247,1844.9474399296873,False,False,True,False,False,correct
0.1,10.0,distilgpt2,1,64,fp32,adamw,1700,1600.19,1552.9860605468748,1738.0,1677.2249453906247,1844.9474399296873,False,False,True,False,False,correct
0.1,10.0,distilgpt2,1,64,fp32,adamw,1800,1600.19,1552.9860605468748,1738.0,1677.2249453906247,1844.9474399296873,True,False,False,False,True,conservative_overprediction
0.1,10.0,distilgpt2,1,64,fp32,adamw,1900,1600.19,1552.9860605468748,1738.0,1677.2249453906247,1844.9474399296873,True,True,True,False,False,correct
0.1,10.0,distilgpt2,1,64,fp32,adamw,2000,1600.19,1552.9860605468748,1738.0,1677.2249453906247,1844.9474399296873,True,True,True,False,False,correct
0.1,10.0,distilgpt2,1,64,fp32,adamw,2048,1600.19,1552.9860605468748,1738.0,1677.2249453906247,1844.9474399296873,True,True,True,False,False,correct
0.1,10.0,distilgpt2,1,64,fp32,adamw,2200,1600.19,1552.9860605468748,1738.0,1677.2249453906247,1844.9474399296873,True,True,True,False,False,correct
0.1,10.0,distilgpt2,1,64,fp32,adamw,2400,1600.19,1552.9860605468748,1738.0,1677.2249453906247,1844.9474399296873,True,True,True,False,False,correct
0.1,10.0,distilgpt2,1,64,fp32,adamw,2600,1600.19,1552.9860605468748,1738.0,1677.2249453906247,1844.9474399296873,True,True,True,False,False,correct
0.1,10.0,distilgpt2,1,64,fp32,adamw,2800,1600.19,1552.9860605468748,1738.0,1677.2249453906247,1844.9474399296873,True,True,True,False,False,correct
0.1,10.0,distilgpt2,1,64,fp32,adamw,3072,1600.19,1552.9860605468748,1738.0,1677.2249453906247,1844.9474399296873,True,True,True,False,False,correct
0.1,10.0,distilgpt2,1,64,fp32,adamw,4096,1600.19,1552.9860605468748,1738.0,1677.2249453906247,1844.9474399296873,True,True,True,False,False,correct
0.1,10.0,distilgpt2,1,64,fp32,adamw,8192,1600.19,1552.9860605468748,1738.0,1677.2249453906247,1844.9474399296873,True,True,True,False,False,correct
0.1,10.0,distilgpt2,2,64,fp32,adamw,768,1616.21,1632.978810546875,1726.0,1763.6171153906248,1939.9788269296873,False,False,True,False,False,correct
0.1,10.0,distilgpt2,2,64,fp32,adamw,1024,1616.21,1632.978810546875,1726.0,1763.6171153906248,1939.9788269296873,False,False,True,False,False,correct
0.1,10.0,distilgpt2,2,64,fp32,adamw,1200,1616.21,1632.978810546875,1726.0,1763.6171153906248,1939.9788269296873,False,False,True,False,False,correct
0.1,10.0,distilgpt2,2,64,fp32,adamw,1300,1616.21,1632.978810546875,1726.0,1763.6171153906248,1939.9788269296873,False,False,True,False,False,correct
0.1,10.0,distilgpt2,2,64,fp32,adamw,1400,1616.21,1632.978810546875,1726.0,1763.6171153906248,1939.9788269296873,False,False,True,False,False,correct
0.1,10.0,distilgpt2,2,64,fp32,adamw,1500,1616.21,1632.978810546875,1726.0,1763.6171153906248,1939.9788269296873,False,False,True,False,False,correct
0.1,10.0,distilgpt2,2,64,fp32,adamw,1600,1616.21,1632.978810546875,1726.0,1763.6171153906248,1939.9788269296873,False,False,True,False,False,correct
0.1,10.0,distilgpt2,2,64,fp32,adamw,1700,1616.21,1632.978810546875,1726.0,1763.6171153906248,1939.9788269296873,False,False,True,False,False,correct
0.1,10.0,distilgpt2,2,64,fp32,adamw,1800,1616.21,1632.978810546875,1726.0,1763.6171153906248,1939.9788269296873,True,False,False,False,True,conservative_overprediction
0.1,10.0,distilgpt2,2,64,fp32,adamw,1900,1616.21,1632.978810546875,1726.0,1763.6171153906248,1939.9788269296873,True,False,False,False,True,conservative_overprediction
0.1,10.0,distilgpt2,2,64,fp32,adamw,2000,1616.21,1632.978810546875,1726.0,1763.6171153906248,1939.9788269296873,True,True,True,False,False,correct
0.1,10.0,distilgpt2,2,64,fp32,adamw,2048,1616.21,1632.978810546875,1726.0,1763.6171153906248,1939.9788269296873,True,True,True,False,False,correct
0.1,10.0,distilgpt2,2,64,fp32,adamw,2200,1616.21,1632.978810546875,1726.0,1763.6171153906248,1939.9788269296873,True,True,True,False,False,correct
0.1,10.0,distilgpt2,2,64,fp32,adamw,2400,1616.21,1632.978810546875,1726.0,1763.6171153906248,1939.9788269296873,True,True,True,False,False,correct
0.1,10.0,distilgpt2,2,64,fp32,adamw,2600,1616.21,1632.978810546875,1726.0,1763.6171153906248,1939.9788269296873,True,True,True,False,False,correct
0.1,10.0,distilgpt2,2,64,fp32,adamw,2800,1616.21,1632.978810546875,1726.0,1763.6171153906248,1939.9788269296873,True,True,True,False,False,correct
0.1,10.0,distilgpt2,2,64,fp32,adamw,3072,1616.21,1632.978810546875,1726.0,1763.6171153906248,1939.9788269296873,True,True,True,False,False,correct
0.1,10.0,distilgpt2,2,64,fp32,adamw,4096,1616.21,1632.978810546875,1726.0,1763.6171153906248,1939.9788269296873,True,True,True,False,False,correct
0.1,10.0,distilgpt2,2,64,fp32,adamw,8192,1616.21,1632.978810546875,1726.0,1763.6171153906248,1939.9788269296873,True,True,True,False,False,correct
0.1,10.0,distilgpt2,4,64,fp32,adamw,768,1648.43,1792.964310546875,1768.0,1936.401455390625,2130.041600929688,False,False,True,False,False,correct
0.1,10.0,distilgpt2,4,64,fp32,adamw,1024,1648.43,1792.964310546875,1768.0,1936.401455390625,2130.041600929688,False,False,True,False,False,correct
0.1,10.0,distilgpt2,4,64,fp32,adamw,1200,1648.43,1792.964310546875,1768.0,1936.401455390625,2130.041600929688,False,False,True,False,False,correct
0.1,10.0,distilgpt2,4,64,fp32,adamw,1300,1648.43,1792.964310546875,1768.0,1936.401455390625,2130.041600929688,False,False,True,False,False,correct
0.1,10.0,distilgpt2,4,64,fp32,adamw,1400,1648.43,1792.964310546875,1768.0,1936.401455390625,2130.041600929688,False,False,True,False,False,correct
0.1,10.0,distilgpt2,4,64,fp32,adamw,1500,1648.43,1792.964310546875,1768.0,1936.401455390625,2130.041600929688,False,False,True,False,False,correct
0.1,10.0,distilgpt2,4,64,fp32,adamw,1600,1648.43,1792.964310546875,1768.0,1936.401455390625,2130.041600929688,False,False,True,False,False,correct
0.1,10.0,distilgpt2,4,64,fp32,adamw,1700,1648.43,1792.964310546875,1768.0,1936.401455390625,2130.041600929688,False,False,True,False,False,correct
0.1,10.0,distilgpt2,4,64,fp32,adamw,1800,1648.43,1792.964310546875,1768.0,1936.401455390625,2130.041600929688,True,False,False,False,True,conservative_overprediction
0.1,10.0,distilgpt2,4,64,fp32,adamw,1900,1648.43,1792.964310546875,1768.0,1936.401455390625,2130.041600929688,True,False,False,False,True,conservative_overprediction
0.1,10.0,distilgpt2,4,64,fp32,adamw,2000,1648.43,1792.964310546875,1768.0,1936.401455390625,2130.041600929688,True,False,False,False,True,conservative_overprediction
0.1,10.0,distilgpt2,4,64,fp32,adamw,2048,1648.43,1792.964310546875,1768.0,1936.401455390625,2130.041600929688,True,False,False,False,True,conservative_overprediction
0.1,10.0,distilgpt2,4,64,fp32,adamw,2200,1648.43,1792.964310546875,1768.0,1936.401455390625,2130.041600929688,True,True,True,False,False,correct
0.1,10.0,distilgpt2,4,64,fp32,adamw,2400,1648.43,1792.964310546875,1768.0,1936.401455390625,2130.041600929688,True,True,True,False,False,correct
0.1,10.0,distilgpt2,4,64,fp32,adamw,2600,1648.43,1792.964310546875,1768.0,1936.401455390625,2130.041600929688,True,True,True,False,False,correct
0.1,10.0,distilgpt2,4,64,fp32,adamw,2800,1648.43,1792.964310546875,1768.0,1936.401455390625,2130.041600929688,True,True,True,False,False,correct
0.1,10.0,distilgpt2,4,64,fp32,adamw,3072,1648.43,1792.964310546875,1768.0,1936.401455390625,2130.041600929688,True,True,True,False,False,correct
0.1,10.0,distilgpt2,4,64,fp32,adamw,4096,1648.43,1792.964310546875,1768.0,1936.401455390625,2130.041600929688,True,True,True,False,False,correct
0.1,10.0,distilgpt2,4,64,fp32,adamw,8192,1648.43,1792.964310546875,1768.0,1936.401455390625,2130.041600929688,True,True,True,False,False,correct
0.1,10.0,distilgpt2,1,64,fp32,sgd,768,956.49,928.042701171875,1030.0,1002.2861172656252,1102.5147289921879,False,False,True,False,False,correct
0.1,10.0,distilgpt2,1,64,fp32,sgd,1024,956.49,928.042701171875,1030.0,1002.2861172656252,1102.5147289921879,False,False,True,False,False,correct
0.1,10.0,distilgpt2,1,64,fp32,sgd,1200,956.49,928.042701171875,1030.0,1002.2861172656252,1102.5147289921879,True,True,True,False,False,correct
0.1,10.0,distilgpt2,1,64,fp32,sgd,1300,956.49,928.042701171875,1030.0,1002.2861172656252,1102.5147289921879,True,True,True,False,False,correct
0.1,10.0,distilgpt2,1,64,fp32,sgd,1400,956.49,928.042701171875,1030.0,1002.2861172656252,1102.5147289921879,True,True,True,False,False,correct
0.1,10.0,distilgpt2,1,64,fp32,sgd,1500,956.49,928.042701171875,1030.0,1002.2861172656252,1102.5147289921879,True,True,True,False,False,correct
0.1,10.0,distilgpt2,1,64,fp32,sgd,1600,956.49,928.042701171875,1030.0,1002.2861172656252,1102.5147289921879,True,True,True,False,False,correct
0.1,10.0,distilgpt2,1,64,fp32,sgd,1700,956.49,928.042701171875,1030.0,1002.2861172656252,1102.5147289921879,True,True,True,False,False,correct
0.1,10.0,distilgpt2,1,64,fp32,sgd,1800,956.49,928.042701171875,1030.0,1002.2861172656252,1102.5147289921879,True,True,True,False,False,correct
0.1,10.0,distilgpt2,1,64,fp32,sgd,1900,956.49,928.042701171875,1030.0,1002.2861172656252,1102.5147289921879,True,True,True,False,False,correct
0.1,10.0,distilgpt2,1,64,fp32,sgd,2000,956.49,928.042701171875,1030.0,1002.2861172656252,1102.5147289921879,True,True,True,False,False,correct
0.1,10.0,distilgpt2,1,64,fp32,sgd,2048,956.49,928.042701171875,1030.0,1002.2861172656252,1102.5147289921879,True,True,True,False,False,correct
0.1,10.0,distilgpt2,1,64,fp32,sgd,2200,956.49,928.042701171875,1030.0,1002.2861172656252,1102.5147289921879,True,True,True,False,False,correct
0.1,10.0,distilgpt2,1,64,fp32,sgd,2400,956.49,928.042701171875,1030.0,1002.2861172656252,1102.5147289921879,True,True,True,False,False,correct
0.1,10.0,distilgpt2,1,64,fp32,sgd,2600,956.49,928.042701171875,1030.0,1002.2861172656252,1102.5147289921879,True,True,True,False,False,correct
0.1,10.0,distilgpt2,1,64,fp32,sgd,2800,956.49,928.042701171875,1030.0,1002.2861172656252,1102.5147289921879,True,True,True,False,False,correct
0.1,10.0,distilgpt2,1,64,fp32,sgd,3072,956.49,928.042701171875,1030.0,1002.2861172656252,1102.5147289921879,True,True,True,False,False,correct
0.1,10.0,distilgpt2,1,64,fp32,sgd,4096,956.49,928.042701171875,1030.0,1002.2861172656252,1102.5147289921879,True,True,True,False,False,correct
0.1,10.0,distilgpt2,1,64,fp32,sgd,8192,956.49,928.042701171875,1030.0,1002.2861172656252,1102.5147289921879,True,True,True,False,False,correct
0.1,10.0,distilgpt2,1,64,fp32,adamw,768,1600.94,1552.9860605468748,1738.0,1677.2249453906247,1844.9474399296873,False,False,True,False,False,correct
0.1,10.0,distilgpt2,1,64,fp32,adamw,1024,1600.94,1552.9860605468748,1738.0,1677.2249453906247,1844.9474399296873,False,False,True,False,False,correct
0.1,10.0,distilgpt2,1,64,fp32,adamw,1200,1600.94,1552.9860605468748,1738.0,1677.2249453906247,1844.9474399296873,False,False,True,False,False,correct
0.1,10.0,distilgpt2,1,64,fp32,adamw,1300,1600.94,1552.9860605468748,1738.0,1677.2249453906247,1844.9474399296873,False,False,True,False,False,correct
0.1,10.0,distilgpt2,1,64,fp32,adamw,1400,1600.94,1552.9860605468748,1738.0,1677.2249453906247,1844.9474399296873,False,False,True,False,False,correct
0.1,10.0,distilgpt2,1,64,fp32,adamw,1500,1600.94,1552.9860605468748,1738.0,1677.2249453906247,1844.9474399296873,False,False,True,False,False,correct
0.1,10.0,distilgpt2,1,64,fp32,adamw,1600,1600.94,1552.9860605468748,1738.0,1677.2249453906247,1844.9474399296873,False,False,True,False,False,correct
0.1,10.0,distilgpt2,1,64,fp32,adamw,1700,1600.94,1552.9860605468748,1738.0,1677.2249453906247,1844.9474399296873,False,False,True,False,False,correct
0.1,10.0,distilgpt2,1,64,fp32,adamw,1800,1600.94,1552.9860605468748,1738.0,1677.2249453906247,1844.9474399296873,True,False,False,False,True,conservative_overprediction
0.1,10.0,distilgpt2,1,64,fp32,adamw,1900,1600.94,1552.9860605468748,1738.0,1677.2249453906247,1844.9474399296873,True,True,True,False,False,correct
0.1,10.0,distilgpt2,1,64,fp32,adamw,2000,1600.94,1552.9860605468748,1738.0,1677.2249453906247,1844.9474399296873,True,True,True,False,False,correct
0.1,10.0,distilgpt2,1,64,fp32,adamw,2048,1600.94,1552.9860605468748,1738.0,1677.2249453906247,1844.9474399296873,True,True,True,False,False,correct
0.1,10.0,distilgpt2,1,64,fp32,adamw,2200,1600.94,1552.9860605468748,1738.0,1677.2249453906247,1844.9474399296873,True,True,True,False,False,correct
0.1,10.0,distilgpt2,1,64,fp32,adamw,2400,1600.94,1552.9860605468748,1738.0,1677.2249453906247,1844.9474399296873,True,True,True,False,False,correct
0.1,10.0,distilgpt2,1,64,fp32,adamw,2600,1600.94,1552.9860605468748,1738.0,1677.2249453906247,1844.9474399296873,True,True,True,False,False,correct
0.1,10.0,distilgpt2,1,64,fp32,adamw,2800,1600.94,1552.9860605468748,1738.0,1677.2249453906247,1844.9474399296873,True,True,True,False,False,correct
0.1,10.0,distilgpt2,1,64,fp32,adamw,3072,1600.94,1552.9860605468748,1738.0,1677.2249453906247,1844.9474399296873,True,True,True,False,False,correct
0.1,10.0,distilgpt2,1,64,fp32,adamw,4096,1600.94,1552.9860605468748,1738.0,1677.2249453906247,1844.9474399296873,True,True,True,False,False,correct
0.1,10.0,distilgpt2,1,64,fp32,adamw,8192,1600.94,1552.9860605468748,1738.0,1677.2249453906247,1844.9474399296873,True,True,True,False,False,correct
0.1,10.0,gpt2,1,32,fp32,sgd,768,1271.56,1196.307083984375,1388.0,1292.0116507031248,1421.2128157734373,False,False,True,False,False,correct
0.1,10.0,gpt2,1,32,fp32,sgd,1024,1271.56,1196.307083984375,1388.0,1292.0116507031248,1421.2128157734373,False,False,True,False,False,correct
0.1,10.0,gpt2,1,32,fp32,sgd,1200,1271.56,1196.307083984375,1388.0,1292.0116507031248,1421.2128157734373,False,False,True,False,False,correct
0.1,10.0,gpt2,1,32,fp32,sgd,1300,1271.56,1196.307083984375,1388.0,1292.0116507031248,1421.2128157734373,False,False,True,False,False,correct
0.1,10.0,gpt2,1,32,fp32,sgd,1400,1271.56,1196.307083984375,1388.0,1292.0116507031248,1421.2128157734373,True,False,False,False,True,conservative_overprediction
0.1,10.0,gpt2,1,32,fp32,sgd,1500,1271.56,1196.307083984375,1388.0,1292.0116507031248,1421.2128157734373,True,True,True,False,False,correct
0.1,10.0,gpt2,1,32,fp32,sgd,1600,1271.56,1196.307083984375,1388.0,1292.0116507031248,1421.2128157734373,True,True,True,False,False,correct
0.1,10.0,gpt2,1,32,fp32,sgd,1700,1271.56,1196.307083984375,1388.0,1292.0116507031248,1421.2128157734373,True,True,True,False,False,correct
0.1,10.0,gpt2,1,32,fp32,sgd,1800,1271.56,1196.307083984375,1388.0,1292.0116507031248,1421.2128157734373,True,True,True,False,False,correct
0.1,10.0,gpt2,1,32,fp32,sgd,1900,1271.56,1196.307083984375,1388.0,1292.0116507031248,1421.2128157734373,True,True,True,False,False,correct
0.1,10.0,gpt2,1,32,fp32,sgd,2000,1271.56,1196.307083984375,1388.0,1292.0116507031248,1421.2128157734373,True,True,True,False,False,correct
0.1,10.0,gpt2,1,32,fp32,sgd,2048,1271.56,1196.307083984375,1388.0,1292.0116507031248,1421.2128157734373,True,True,True,False,False,correct
0.1,10.0,gpt2,1,32,fp32,sgd,2200,1271.56,1196.307083984375,1388.0,1292.0116507031248,1421.2128157734373,True,True,True,False,False,correct
0.1,10.0,gpt2,1,32,fp32,sgd,2400,1271.56,1196.307083984375,1388.0,1292.0116507031248,1421.2128157734373,True,True,True,False,False,correct
0.1,10.0,gpt2,1,32,fp32,sgd,2600,1271.56,1196.307083984375,1388.0,1292.0116507031248,1421.2128157734373,True,True,True,False,False,correct
0.1,10.0,gpt2,1,32,fp32,sgd,2800,1271.56,1196.307083984375,1388.0,1292.0116507031248,1421.2128157734373,True,True,True,False,False,correct
0.1,10.0,gpt2,1,32,fp32,sgd,3072,1271.56,1196.307083984375,1388.0,1292.0116507031248,1421.2128157734373,True,True,True,False,False,correct
0.1,10.0,gpt2,1,32,fp32,sgd,4096,1271.56,1196.307083984375,1388.0,1292.0116507031248,1421.2128157734373,True,True,True,False,False,correct
0.1,10.0,gpt2,1,32,fp32,sgd,8192,1271.56,1196.307083984375,1388.0,1292.0116507031248,1421.2128157734373,True,True,True,False,False,correct
0.1,10.0,gpt2,1,64,fp32,sgd,768,1279.2,1257.068708984375,1422.0,1357.634205703125,1493.3976262734375,False,False,True,False,False,correct
0.1,10.0,gpt2,1,64,fp32,sgd,1024,1279.2,1257.068708984375,1422.0,1357.634205703125,1493.3976262734375,False,False,True,False,False,correct
0.1,10.0,gpt2,1,64,fp32,sgd,1200,1279.2,1257.068708984375,1422.0,1357.634205703125,1493.3976262734375,False,False,True,False,False,correct
0.1,10.0,gpt2,1,64,fp32,sgd,1300,1279.2,1257.068708984375,1422.0,1357.634205703125,1493.3976262734375,False,False,True,False,False,correct
0.1,10.0,gpt2,1,64,fp32,sgd,1400,1279.2,1257.068708984375,1422.0,1357.634205703125,1493.3976262734375,False,False,True,False,False,correct
0.1,10.0,gpt2,1,64,fp32,sgd,1500,1279.2,1257.068708984375,1422.0,1357.634205703125,1493.3976262734375,True,True,True,False,False,correct
0.1,10.0,gpt2,1,64,fp32,sgd,1600,1279.2,1257.068708984375,1422.0,1357.634205703125,1493.3976262734375,True,True,True,False,False,correct
0.1,10.0,gpt2,1,64,fp32,sgd,1700,1279.2,1257.068708984375,1422.0,1357.634205703125,1493.3976262734375,True,True,True,False,False,correct
0.1,10.0,gpt2,1,64,fp32,sgd,1800,1279.2,1257.068708984375,1422.0,1357.634205703125,1493.3976262734375,True,True,True,False,False,correct
0.1,10.0,gpt2,1,64,fp32,sgd,1900,1279.2,1257.068708984375,1422.0,1357.634205703125,1493.3976262734375,True,True,True,False,False,correct
0.1,10.0,gpt2,1,64,fp32,sgd,2000,1279.2,1257.068708984375,1422.0,1357.634205703125,1493.3976262734375,True,True,True,False,False,correct
0.1,10.0,gpt2,1,64,fp32,sgd,2048,1279.2,1257.068708984375,1422.0,1357.634205703125,1493.3976262734375,True,True,True,False,False,correct
0.1,10.0,gpt2,1,64,fp32,sgd,2200,1279.2,1257.068708984375,1422.0,1357.634205703125,1493.3976262734375,True,True,True,False,False,correct
0.1,10.0,gpt2,1,64,fp32,sgd,2400,1279.2,1257.068708984375,1422.0,1357.634205703125,1493.3976262734375,True,True,True,False,False,correct
0.1,10.0,gpt2,1,64,fp32,sgd,2600,1279.2,1257.068708984375,1422.0,1357.634205703125,1493.3976262734375,True,True,True,False,False,correct
0.1,10.0,gpt2,1,64,fp32,sgd,2800,1279.2,1257.068708984375,1422.0,1357.634205703125,1493.3976262734375,True,True,True,False,False,correct
0.1,10.0,gpt2,1,64,fp32,sgd,3072,1279.2,1257.068708984375,1422.0,1357.634205703125,1493.3976262734375,True,True,True,False,False,correct
0.1,10.0,gpt2,1,64,fp32,sgd,4096,1279.2,1257.068708984375,1422.0,1357.634205703125,1493.3976262734375,True,True,True,False,False,correct
0.1,10.0,gpt2,1,64,fp32,sgd,8192,1279.2,1257.068708984375,1422.0,1357.634205703125,1493.3976262734375,True,True,True,False,False,correct
0.1,10.0,gpt2,1,128,fp32,sgd,768,1292.34,1378.591958984375,1406.0,1488.879315703125,1637.7672472734378,False,False,True,False,False,correct
0.1,10.0,gpt2,1,128,fp32,sgd,1024,1292.34,1378.591958984375,1406.0,1488.879315703125,1637.7672472734378,False,False,True,False,False,correct
0.1,10.0,gpt2,1,128,fp32,sgd,1200,1292.34,1378.591958984375,1406.0,1488.879315703125,1637.7672472734378,False,False,True,False,False,correct
0.1,10.0,gpt2,1,128,fp32,sgd,1300,1292.34,1378.591958984375,1406.0,1488.879315703125,1637.7672472734378,False,False,True,False,False,correct
0.1,10.0,gpt2,1,128,fp32,sgd,1400,1292.34,1378.591958984375,1406.0,1488.879315703125,1637.7672472734378,False,False,True,False,False,correct
0.1,10.0,gpt2,1,128,fp32,sgd,1500,1292.34,1378.591958984375,1406.0,1488.879315703125,1637.7672472734378,True,False,False,False,True,conservative_overprediction
0.1,10.0,gpt2,1,128,fp32,sgd,1600,1292.34,1378.591958984375,1406.0,1488.879315703125,1637.7672472734378,True,False,False,False,True,conservative_overprediction
0.1,10.0,gpt2,1,128,fp32,sgd,1700,1292.34,1378.591958984375,1406.0,1488.879315703125,1637.7672472734378,True,True,True,False,False,correct
0.1,10.0,gpt2,1,128,fp32,sgd,1800,1292.34,1378.591958984375,1406.0,1488.879315703125,1637.7672472734378,True,True,True,False,False,correct
0.1,10.0,gpt2,1,128,fp32,sgd,1900,1292.34,1378.591958984375,1406.0,1488.879315703125,1637.7672472734378,True,True,True,False,False,correct
0.1,10.0,gpt2,1,128,fp32,sgd,2000,1292.34,1378.591958984375,1406.0,1488.879315703125,1637.7672472734378,True,True,True,False,False,correct
0.1,10.0,gpt2,1,128,fp32,sgd,2048,1292.34,1378.591958984375,1406.0,1488.879315703125,1637.7672472734378,True,True,True,False,False,correct
0.1,10.0,gpt2,1,128,fp32,sgd,2200,1292.34,1378.591958984375,1406.0,1488.879315703125,1637.7672472734378,True,True,True,False,False,correct
0.1,10.0,gpt2,1,128,fp32,sgd,2400,1292.34,1378.591958984375,1406.0,1488.879315703125,1637.7672472734378,True,True,True,False,False,correct
0.1,10.0,gpt2,1,128,fp32,sgd,2600,1292.34,1378.591958984375,1406.0,1488.879315703125,1637.7672472734378,True,True,True,False,False,correct
0.1,10.0,gpt2,1,128,fp32,sgd,2800,1292.34,1378.591958984375,1406.0,1488.879315703125,1637.7672472734378,True,True,True,False,False,correct
0.1,10.0,gpt2,1,128,fp32,sgd,3072,1292.34,1378.591958984375,1406.0,1488.879315703125,1637.7672472734378,True,True,True,False,False,correct
0.1,10.0,gpt2,1,128,fp32,sgd,4096,1292.34,1378.591958984375,1406.0,1488.879315703125,1637.7672472734378,True,True,True,False,False,correct
0.1,10.0,gpt2,1,128,fp32,sgd,8192,1292.34,1378.591958984375,1406.0,1488.879315703125,1637.7672472734378,True,True,True,False,False,correct
0.1,10.0,gpt2,1,32,fp32,adamw,768,2402.82,2288.1175332031253,2616.0,2471.166935859376,2718.2836294453136,False,False,True,False,False,correct
0.1,10.0,gpt2,1,32,fp32,adamw,1024,2402.82,2288.1175332031253,2616.0,2471.166935859376,2718.2836294453136,False,False,True,False,False,correct
0.1,10.0,gpt2,1,32,fp32,adamw,1200,2402.82,2288.1175332031253,2616.0,2471.166935859376,2718.2836294453136,False,False,True,False,False,correct
0.1,10.0,gpt2,1,32,fp32,adamw,1300,2402.82,2288.1175332031253,2616.0,2471.166935859376,2718.2836294453136,False,False,True,False,False,correct
0.1,10.0,gpt2,1,32,fp32,adamw,1400,2402.82,2288.1175332031253,2616.0,2471.166935859376,2718.2836294453136,False,False,True,False,False,correct
0.1,10.0,gpt2,1,32,fp32,adamw,1500,2402.82,2288.1175332031253,2616.0,2471.166935859376,2718.2836294453136,False,False,True,False,False,correct
0.1,10.0,gpt2,1,32,fp32,adamw,1600,2402.82,2288.1175332031253,2616.0,2471.166935859376,2718.2836294453136,False,False,True,False,False,correct
0.1,10.0,gpt2,1,32,fp32,adamw,1700,2402.82,2288.1175332031253,2616.0,2471.166935859376,2718.2836294453136,False,False,True,False,False,correct
0.1,10.0,gpt2,1,32,fp32,adamw,1800,2402.82,2288.1175332031253,2616.0,2471.166935859376,2718.2836294453136,False,False,True,False,False,correct
0.1,10.0,gpt2,1,32,fp32,adamw,1900,2402.82,2288.1175332031253,2616.0,2471.166935859376,2718.2836294453136,False,False,True,False,False,correct
0.1,10.0,gpt2,1,32,fp32,adamw,2000,2402.82,2288.1175332031253,2616.0,2471.166935859376,2718.2836294453136,False,False,True,False,False,correct
0.1,10.0,gpt2,1,32,fp32,adamw,2048,2402.82,2288.1175332031253,2616.0,2471.166935859376,2718.2836294453136,False,False,True,False,False,correct
0.1,10.0,gpt2,1,32,fp32,adamw,2200,2402.82,2288.1175332031253,2616.0,2471.166935859376,2718.2836294453136,False,False,True,False,False,correct
0.1,10.0,gpt2,1,32,fp32,adamw,2400,2402.82,2288.1175332031253,2616.0,2471.166935859376,2718.2836294453136,False,False,True,False,False,correct
0.1,10.0,gpt2,1,32,fp32,adamw,2600,2402.82,2288.1175332031253,2616.0,2471.166935859376,2718.2836294453136,False,False,True,False,False,correct
0.1,10.0,gpt2,1,32,fp32,adamw,2800,2402.82,2288.1175332031253,2616.0,2471.166935859376,2718.2836294453136,True,True,True,False,False,correct
0.1,10.0,gpt2,1,32,fp32,adamw,3072,2402.82,2288.1175332031253,2616.0,2471.166935859376,2718.2836294453136,True,True,True,False,False,correct
0.1,10.0,gpt2,1,32,fp32,adamw,4096,2402.82,2288.1175332031253,2616.0,2471.166935859376,2718.2836294453136,True,True,True,False,False,correct
0.1,10.0,gpt2,1,32,fp32,adamw,8192,2402.82,2288.1175332031253,2616.0,2471.166935859376,2718.2836294453136,True,True,True,False,False,correct
0.1,10.0,gpt2,1,64,fp32,adamw,768,2409.59,2348.879158203125,2670.0,2536.789490859375,2790.4684399453126,False,False,True,False,False,correct
0.1,10.0,gpt2,1,64,fp32,adamw,1024,2409.59,2348.879158203125,2670.0,2536.789490859375,2790.4684399453126,False,False,True,False,False,correct
0.1,10.0,gpt2,1,64,fp32,adamw,1200,2409.59,2348.879158203125,2670.0,2536.789490859375,2790.4684399453126,False,False,True,False,False,correct
0.1,10.0,gpt2,1,64,fp32,adamw,1300,2409.59,2348.879158203125,2670.0,2536.789490859375,2790.4684399453126,False,False,True,False,False,correct
0.1,10.0,gpt2,1,64,fp32,adamw,1400,2409.59,2348.879158203125,2670.0,2536.789490859375,2790.4684399453126,False,False,True,False,False,correct
0.1,10.0,gpt2,1,64,fp32,adamw,1500,2409.59,2348.879158203125,2670.0,2536.789490859375,2790.4684399453126,False,False,True,False,False,correct
0.1,10.0,gpt2,1,64,fp32,adamw,1600,2409.59,2348.879158203125,2670.0,2536.789490859375,2790.4684399453126,False,False,True,False,False,correct
0.1,10.0,gpt2,1,64,fp32,adamw,1700,2409.59,2348.879158203125,2670.0,2536.789490859375,2790.4684399453126,False,False,True,False,False,correct
0.1,10.0,gpt2,1,64,fp32,adamw,1800,2409.59,2348.879158203125,2670.0,2536.789490859375,2790.4684399453126,False,False,True,False,False,correct
0.1,10.0,gpt2,1,64,fp32,adamw,1900,2409.59,2348.879158203125,2670.0,2536.789490859375,2790.4684399453126,False,False,True,False,False,correct
0.1,10.0,gpt2,1,64,fp32,adamw,2000,2409.59,2348.879158203125,2670.0,2536.789490859375,2790.4684399453126,False,False,True,False,False,correct
0.1,10.0,gpt2,1,64,fp32,adamw,2048,2409.59,2348.879158203125,2670.0,2536.789490859375,2790.4684399453126,False,False,True,False,False,correct
0.1,10.0,gpt2,1,64,fp32,adamw,2200,2409.59,2348.879158203125,2670.0,2536.789490859375,2790.4684399453126,False,False,True,False,False,correct
0.1,10.0,gpt2,1,64,fp32,adamw,2400,2409.59,2348.879158203125,2670.0,2536.789490859375,2790.4684399453126,False,False,True,False,False,correct
0.1,10.0,gpt2,1,64,fp32,adamw,2600,2409.59,2348.879158203125,2670.0,2536.789490859375,2790.4684399453126,False,False,True,False,False,correct
0.1,10.0,gpt2,1,64,fp32,adamw,2800,2409.59,2348.879158203125,2670.0,2536.789490859375,2790.4684399453126,True,True,True,False,False,correct
0.1,10.0,gpt2,1,64,fp32,adamw,3072,2409.59,2348.879158203125,2670.0,2536.789490859375,2790.4684399453126,True,True,True,False,False,correct
0.1,10.0,gpt2,1,64,fp32,adamw,4096,2409.59,2348.879158203125,2670.0,2536.789490859375,2790.4684399453126,True,True,True,False,False,correct
0.1,10.0,gpt2,1,64,fp32,adamw,8192,2409.59,2348.879158203125,2670.0,2536.789490859375,2790.4684399453126,True,True,True,False,False,correct
0.1,10.0,gpt2,1,128,fp32,adamw,768,2422.73,2470.402408203125,2634.0,2668.034600859375,2934.838060945313,False,False,True,False,False,correct
0.1,10.0,gpt2,1,128,fp32,adamw,1024,2422.73,2470.402408203125,2634.0,2668.034600859375,2934.838060945313,False,False,True,False,False,correct
0.1,10.0,gpt2,1,128,fp32,adamw,1200,2422.73,2470.402408203125,2634.0,2668.034600859375,2934.838060945313,False,False,True,False,False,correct
0.1,10.0,gpt2,1,128,fp32,adamw,1300,2422.73,2470.402408203125,2634.0,2668.034600859375,2934.838060945313,False,False,True,False,False,correct
0.1,10.0,gpt2,1,128,fp32,adamw,1400,2422.73,2470.402408203125,2634.0,2668.034600859375,2934.838060945313,False,False,True,False,False,correct
0.1,10.0,gpt2,1,128,fp32,adamw,1500,2422.73,2470.402408203125,2634.0,2668.034600859375,2934.838060945313,False,False,True,False,False,correct
0.1,10.0,gpt2,1,128,fp32,adamw,1600,2422.73,2470.402408203125,2634.0,2668.034600859375,2934.838060945313,False,False,True,False,False,correct
0.1,10.0,gpt2,1,128,fp32,adamw,1700,2422.73,2470.402408203125,2634.0,2668.034600859375,2934.838060945313,False,False,True,False,False,correct
0.1,10.0,gpt2,1,128,fp32,adamw,1800,2422.73,2470.402408203125,2634.0,2668.034600859375,2934.838060945313,False,False,True,False,False,correct
0.1,10.0,gpt2,1,128,fp32,adamw,1900,2422.73,2470.402408203125,2634.0,2668.034600859375,2934.838060945313,False,False,True,False,False,correct
0.1,10.0,gpt2,1,128,fp32,adamw,2000,2422.73,2470.402408203125,2634.0,2668.034600859375,2934.838060945313,False,False,True,False,False,correct
0.1,10.0,gpt2,1,128,fp32,adamw,2048,2422.73,2470.402408203125,2634.0,2668.034600859375,2934.838060945313,False,False,True,False,False,correct
0.1,10.0,gpt2,1,128,fp32,adamw,2200,2422.73,2470.402408203125,2634.0,2668.034600859375,2934.838060945313,False,False,True,False,False,correct
0.1,10.0,gpt2,1,128,fp32,adamw,2400,2422.73,2470.402408203125,2634.0,2668.034600859375,2934.838060945313,False,False,True,False,False,correct
0.1,10.0,gpt2,1,128,fp32,adamw,2600,2422.73,2470.402408203125,2634.0,2668.034600859375,2934.838060945313,False,False,True,False,False,correct
0.1,10.0,gpt2,1,128,fp32,adamw,2800,2422.73,2470.402408203125,2634.0,2668.034600859375,2934.838060945313,True,False,False,False,True,conservative_overprediction
0.1,10.0,gpt2,1,128,fp32,adamw,3072,2422.73,2470.402408203125,2634.0,2668.034600859375,2934.838060945313,True,True,True,False,False,correct
0.1,10.0,gpt2,1,128,fp32,adamw,4096,2422.73,2470.402408203125,2634.0,2668.034600859375,2934.838060945313,True,True,True,False,False,correct
0.1,10.0,gpt2,1,128,fp32,adamw,8192,2422.73,2470.402408203125,2634.0,2668.034600859375,2934.838060945313,True,True,True,False,False,correct
0.15,15.0,distilgpt2,1,32,fp32,adamw,768,1592.43,1512.9896855468749,1700.0,1634.028860390625,1879.1331894492184,False,False,True,False,False,correct
0.15,15.0,distilgpt2,1,32,fp32,adamw,1024,1592.43,1512.9896855468749,1700.0,1634.028860390625,1879.1331894492184,False,False,True,False,False,correct
0.15,15.0,distilgpt2,1,32,fp32,adamw,1200,1592.43,1512.9896855468749,1700.0,1634.028860390625,1879.1331894492184,False,False,True,False,False,correct
0.15,15.0,distilgpt2,1,32,fp32,adamw,1300,1592.43,1512.9896855468749,1700.0,1634.028860390625,1879.1331894492184,False,False,True,False,False,correct
0.15,15.0,distilgpt2,1,32,fp32,adamw,1400,1592.43,1512.9896855468749,1700.0,1634.028860390625,1879.1331894492184,False,False,True,False,False,correct
0.15,15.0,distilgpt2,1,32,fp32,adamw,1500,1592.43,1512.9896855468749,1700.0,1634.028860390625,1879.1331894492184,False,False,True,False,False,correct
0.15,15.0,distilgpt2,1,32,fp32,adamw,1600,1592.43,1512.9896855468749,1700.0,1634.028860390625,1879.1331894492184,False,False,True,False,False,correct
0.15,15.0,distilgpt2,1,32,fp32,adamw,1700,1592.43,1512.9896855468749,1700.0,1634.028860390625,1879.1331894492184,True,False,False,False,True,conservative_overprediction
0.15,15.0,distilgpt2,1,32,fp32,adamw,1800,1592.43,1512.9896855468749,1700.0,1634.028860390625,1879.1331894492184,True,False,False,False,True,conservative_overprediction
0.15,15.0,distilgpt2,1,32,fp32,adamw,1900,1592.43,1512.9896855468749,1700.0,1634.028860390625,1879.1331894492184,True,True,True,False,False,correct
0.15,15.0,distilgpt2,1,32,fp32,adamw,2000,1592.43,1512.9896855468749,1700.0,1634.028860390625,1879.1331894492184,True,True,True,False,False,correct
0.15,15.0,distilgpt2,1,32,fp32,adamw,2048,1592.43,1512.9896855468749,1700.0,1634.028860390625,1879.1331894492184,True,True,True,False,False,correct
0.15,15.0,distilgpt2,1,32,fp32,adamw,2200,1592.43,1512.9896855468749,1700.0,1634.028860390625,1879.1331894492184,True,True,True,False,False,correct
0.15,15.0,distilgpt2,1,32,fp32,adamw,2400,1592.43,1512.9896855468749,1700.0,1634.028860390625,1879.1331894492184,True,True,True,False,False,correct
0.15,15.0,distilgpt2,1,32,fp32,adamw,2600,1592.43,1512.9896855468749,1700.0,1634.028860390625,1879.1331894492184,True,True,True,False,False,correct
0.15,15.0,distilgpt2,1,32,fp32,adamw,2800,1592.43,1512.9896855468749,1700.0,1634.028860390625,1879.1331894492184,True,True,True,False,False,correct
0.15,15.0,distilgpt2,1,32,fp32,adamw,3072,1592.43,1512.9896855468749,1700.0,1634.028860390625,1879.1331894492184,True,True,True,False,False,correct
0.15,15.0,distilgpt2,1,32,fp32,adamw,4096,1592.43,1512.9896855468749,1700.0,1634.028860390625,1879.1331894492184,True,True,True,False,False,correct
0.15,15.0,distilgpt2,1,32,fp32,adamw,8192,1592.43,1512.9896855468749,1700.0,1634.028860390625,1879.1331894492184,True,True,True,False,False,correct
0.15,15.0,distilgpt2,1,64,fp32,adamw,768,1600.69,1552.9860605468748,1738.0,1677.2249453906247,1928.8086871992182,False,False,True,False,False,correct
0.15,15.0,distilgpt2,1,64,fp32,adamw,1024,1600.69,1552.9860605468748,1738.0,1677.2249453906247,1928.8086871992182,False,False,True,False,False,correct
0.15,15.0,distilgpt2,1,64,fp32,adamw,1200,1600.69,1552.9860605468748,1738.0,1677.2249453906247,1928.8086871992182,False,False,True,False,False,correct
0.15,15.0,distilgpt2,1,64,fp32,adamw,1300,1600.69,1552.9860605468748,1738.0,1677.2249453906247,1928.8086871992182,False,False,True,False,False,correct
0.15,15.0,distilgpt2,1,64,fp32,adamw,1400,1600.69,1552.9860605468748,1738.0,1677.2249453906247,1928.8086871992182,False,False,True,False,False,correct
0.15,15.0,distilgpt2,1,64,fp32,adamw,1500,1600.69,1552.9860605468748,1738.0,1677.2249453906247,1928.8086871992182,False,False,True,False,False,correct
0.15,15.0,distilgpt2,1,64,fp32,adamw,1600,1600.69,1552.9860605468748,1738.0,1677.2249453906247,1928.8086871992182,False,False,True,False,False,correct
0.15,15.0,distilgpt2,1,64,fp32,adamw,1700,1600.69,1552.9860605468748,1738.0,1677.2249453906247,1928.8086871992182,False,False,True,False,False,correct
0.15,15.0,distilgpt2,1,64,fp32,adamw,1800,1600.69,1552.9860605468748,1738.0,1677.2249453906247,1928.8086871992182,True,False,False,False,True,conservative_overprediction
0.15,15.0,distilgpt2,1,64,fp32,adamw,1900,1600.69,1552.9860605468748,1738.0,1677.2249453906247,1928.8086871992182,True,False,False,False,True,conservative_overprediction
0.15,15.0,distilgpt2,1,64,fp32,adamw,2000,1600.69,1552.9860605468748,1738.0,1677.2249453906247,1928.8086871992182,True,True,True,False,False,correct
0.15,15.0,distilgpt2,1,64,fp32,adamw,2048,1600.69,1552.9860605468748,1738.0,1677.2249453906247,1928.8086871992182,True,True,True,False,False,correct
0.15,15.0,distilgpt2,1,64,fp32,adamw,2200,1600.69,1552.9860605468748,1738.0,1677.2249453906247,1928.8086871992182,True,True,True,False,False,correct
0.15,15.0,distilgpt2,1,64,fp32,adamw,2400,1600.69,1552.9860605468748,1738.0,1677.2249453906247,1928.8086871992182,True,True,True,False,False,correct
0.15,15.0,distilgpt2,1,64,fp32,adamw,2600,1600.69,1552.9860605468748,1738.0,1677.2249453906247,1928.8086871992182,True,True,True,False,False,correct
0.15,15.0,distilgpt2,1,64,fp32,adamw,2800,1600.69,1552.9860605468748,1738.0,1677.2249453906247,1928.8086871992182,True,True,True,False,False,correct
0.15,15.0,distilgpt2,1,64,fp32,adamw,3072,1600.69,1552.9860605468748,1738.0,1677.2249453906247,1928.8086871992182,True,True,True,False,False,correct
0.15,15.0,distilgpt2,1,64,fp32,adamw,4096,1600.69,1552.9860605468748,1738.0,1677.2249453906247,1928.8086871992182,True,True,True,False,False,correct
0.15,15.0,distilgpt2,1,64,fp32,adamw,8192,1600.69,1552.9860605468748,1738.0,1677.2249453906247,1928.8086871992182,True,True,True,False,False,correct
0.15,15.0,distilgpt2,1,128,fp32,adamw,768,1616.71,1632.978810546875,1726.0,1763.6171153906248,2028.1596826992184,False,False,True,False,False,correct
0.15,15.0,distilgpt2,1,128,fp32,adamw,1024,1616.71,1632.978810546875,1726.0,1763.6171153906248,2028.1596826992184,False,False,True,False,False,correct
0.15,15.0,distilgpt2,1,128,fp32,adamw,1200,1616.71,1632.978810546875,1726.0,1763.6171153906248,2028.1596826992184,False,False,True,False,False,correct
0.15,15.0,distilgpt2,1,128,fp32,adamw,1300,1616.71,1632.978810546875,1726.0,1763.6171153906248,2028.1596826992184,False,False,True,False,False,correct
0.15,15.0,distilgpt2,1,128,fp32,adamw,1400,1616.71,1632.978810546875,1726.0,1763.6171153906248,2028.1596826992184,False,False,True,False,False,correct
0.15,15.0,distilgpt2,1,128,fp32,adamw,1500,1616.71,1632.978810546875,1726.0,1763.6171153906248,2028.1596826992184,False,False,True,False,False,correct
0.15,15.0,distilgpt2,1,128,fp32,adamw,1600,1616.71,1632.978810546875,1726.0,1763.6171153906248,2028.1596826992184,False,False,True,False,False,correct
0.15,15.0,distilgpt2,1,128,fp32,adamw,1700,1616.71,1632.978810546875,1726.0,1763.6171153906248,2028.1596826992184,False,False,True,False,False,correct
0.15,15.0,distilgpt2,1,128,fp32,adamw,1800,1616.71,1632.978810546875,1726.0,1763.6171153906248,2028.1596826992184,True,False,False,False,True,conservative_overprediction
0.15,15.0,distilgpt2,1,128,fp32,adamw,1900,1616.71,1632.978810546875,1726.0,1763.6171153906248,2028.1596826992184,True,False,False,False,True,conservative_overprediction
0.15,15.0,distilgpt2,1,128,fp32,adamw,2000,1616.71,1632.978810546875,1726.0,1763.6171153906248,2028.1596826992184,True,False,False,False,True,conservative_overprediction
0.15,15.0,distilgpt2,1,128,fp32,adamw,2048,1616.71,1632.978810546875,1726.0,1763.6171153906248,2028.1596826992184,True,True,True,False,False,correct
0.15,15.0,distilgpt2,1,128,fp32,adamw,2200,1616.71,1632.978810546875,1726.0,1763.6171153906248,2028.1596826992184,True,True,True,False,False,correct
0.15,15.0,distilgpt2,1,128,fp32,adamw,2400,1616.71,1632.978810546875,1726.0,1763.6171153906248,2028.1596826992184,True,True,True,False,False,correct
0.15,15.0,distilgpt2,1,128,fp32,adamw,2600,1616.71,1632.978810546875,1726.0,1763.6171153906248,2028.1596826992184,True,True,True,False,False,correct
0.15,15.0,distilgpt2,1,128,fp32,adamw,2800,1616.71,1632.978810546875,1726.0,1763.6171153906248,2028.1596826992184,True,True,True,False,False,correct
0.15,15.0,distilgpt2,1,128,fp32,adamw,3072,1616.71,1632.978810546875,1726.0,1763.6171153906248,2028.1596826992184,True,True,True,False,False,correct
0.15,15.0,distilgpt2,1,128,fp32,adamw,4096,1616.71,1632.978810546875,1726.0,1763.6171153906248,2028.1596826992184,True,True,True,False,False,correct
0.15,15.0,distilgpt2,1,128,fp32,adamw,8192,1616.71,1632.978810546875,1726.0,1763.6171153906248,2028.1596826992184,True,True,True,False,False,correct
0.15,15.0,distilgpt2,1,64,fp32,adamw,768,1600.19,1552.9860605468748,1738.0,1677.2249453906247,1928.8086871992182,False,False,True,False,False,correct
0.15,15.0,distilgpt2,1,64,fp32,adamw,1024,1600.19,1552.9860605468748,1738.0,1677.2249453906247,1928.8086871992182,False,False,True,False,False,correct
0.15,15.0,distilgpt2,1,64,fp32,adamw,1200,1600.19,1552.9860605468748,1738.0,1677.2249453906247,1928.8086871992182,False,False,True,False,False,correct
0.15,15.0,distilgpt2,1,64,fp32,adamw,1300,1600.19,1552.9860605468748,1738.0,1677.2249453906247,1928.8086871992182,False,False,True,False,False,correct
0.15,15.0,distilgpt2,1,64,fp32,adamw,1400,1600.19,1552.9860605468748,1738.0,1677.2249453906247,1928.8086871992182,False,False,True,False,False,correct
0.15,15.0,distilgpt2,1,64,fp32,adamw,1500,1600.19,1552.9860605468748,1738.0,1677.2249453906247,1928.8086871992182,False,False,True,False,False,correct
0.15,15.0,distilgpt2,1,64,fp32,adamw,1600,1600.19,1552.9860605468748,1738.0,1677.2249453906247,1928.8086871992182,False,False,True,False,False,correct
0.15,15.0,distilgpt2,1,64,fp32,adamw,1700,1600.19,1552.9860605468748,1738.0,1677.2249453906247,1928.8086871992182,False,False,True,False,False,correct
0.15,15.0,distilgpt2,1,64,fp32,adamw,1800,1600.19,1552.9860605468748,1738.0,1677.2249453906247,1928.8086871992182,True,False,False,False,True,conservative_overprediction
0.15,15.0,distilgpt2,1,64,fp32,adamw,1900,1600.19,1552.9860605468748,1738.0,1677.2249453906247,1928.8086871992182,True,False,False,False,True,conservative_overprediction
0.15,15.0,distilgpt2,1,64,fp32,adamw,2000,1600.19,1552.9860605468748,1738.0,1677.2249453906247,1928.8086871992182,True,True,True,False,False,correct
0.15,15.0,distilgpt2,1,64,fp32,adamw,2048,1600.19,1552.9860605468748,1738.0,1677.2249453906247,1928.8086871992182,True,True,True,False,False,correct
0.15,15.0,distilgpt2,1,64,fp32,adamw,2200,1600.19,1552.9860605468748,1738.0,1677.2249453906247,1928.8086871992182,True,True,True,False,False,correct
0.15,15.0,distilgpt2,1,64,fp32,adamw,2400,1600.19,1552.9860605468748,1738.0,1677.2249453906247,1928.8086871992182,True,True,True,False,False,correct
0.15,15.0,distilgpt2,1,64,fp32,adamw,2600,1600.19,1552.9860605468748,1738.0,1677.2249453906247,1928.8086871992182,True,True,True,False,False,correct
0.15,15.0,distilgpt2,1,64,fp32,adamw,2800,1600.19,1552.9860605468748,1738.0,1677.2249453906247,1928.8086871992182,True,True,True,False,False,correct
0.15,15.0,distilgpt2,1,64,fp32,adamw,3072,1600.19,1552.9860605468748,1738.0,1677.2249453906247,1928.8086871992182,True,True,True,False,False,correct
0.15,15.0,distilgpt2,1,64,fp32,adamw,4096,1600.19,1552.9860605468748,1738.0,1677.2249453906247,1928.8086871992182,True,True,True,False,False,correct
0.15,15.0,distilgpt2,1,64,fp32,adamw,8192,1600.19,1552.9860605468748,1738.0,1677.2249453906247,1928.8086871992182,True,True,True,False,False,correct
0.15,15.0,distilgpt2,2,64,fp32,adamw,768,1616.21,1632.978810546875,1726.0,1763.6171153906248,2028.1596826992184,False,False,True,False,False,correct
0.15,15.0,distilgpt2,2,64,fp32,adamw,1024,1616.21,1632.978810546875,1726.0,1763.6171153906248,2028.1596826992184,False,False,True,False,False,correct
0.15,15.0,distilgpt2,2,64,fp32,adamw,1200,1616.21,1632.978810546875,1726.0,1763.6171153906248,2028.1596826992184,False,False,True,False,False,correct
0.15,15.0,distilgpt2,2,64,fp32,adamw,1300,1616.21,1632.978810546875,1726.0,1763.6171153906248,2028.1596826992184,False,False,True,False,False,correct
0.15,15.0,distilgpt2,2,64,fp32,adamw,1400,1616.21,1632.978810546875,1726.0,1763.6171153906248,2028.1596826992184,False,False,True,False,False,correct
0.15,15.0,distilgpt2,2,64,fp32,adamw,1500,1616.21,1632.978810546875,1726.0,1763.6171153906248,2028.1596826992184,False,False,True,False,False,correct
0.15,15.0,distilgpt2,2,64,fp32,adamw,1600,1616.21,1632.978810546875,1726.0,1763.6171153906248,2028.1596826992184,False,False,True,False,False,correct
0.15,15.0,distilgpt2,2,64,fp32,adamw,1700,1616.21,1632.978810546875,1726.0,1763.6171153906248,2028.1596826992184,False,False,True,False,False,correct
0.15,15.0,distilgpt2,2,64,fp32,adamw,1800,1616.21,1632.978810546875,1726.0,1763.6171153906248,2028.1596826992184,True,False,False,False,True,conservative_overprediction
0.15,15.0,distilgpt2,2,64,fp32,adamw,1900,1616.21,1632.978810546875,1726.0,1763.6171153906248,2028.1596826992184,True,False,False,False,True,conservative_overprediction
0.15,15.0,distilgpt2,2,64,fp32,adamw,2000,1616.21,1632.978810546875,1726.0,1763.6171153906248,2028.1596826992184,True,False,False,False,True,conservative_overprediction
0.15,15.0,distilgpt2,2,64,fp32,adamw,2048,1616.21,1632.978810546875,1726.0,1763.6171153906248,2028.1596826992184,True,True,True,False,False,correct
0.15,15.0,distilgpt2,2,64,fp32,adamw,2200,1616.21,1632.978810546875,1726.0,1763.6171153906248,2028.1596826992184,True,True,True,False,False,correct
0.15,15.0,distilgpt2,2,64,fp32,adamw,2400,1616.21,1632.978810546875,1726.0,1763.6171153906248,2028.1596826992184,True,True,True,False,False,correct
0.15,15.0,distilgpt2,2,64,fp32,adamw,2600,1616.21,1632.978810546875,1726.0,1763.6171153906248,2028.1596826992184,True,True,True,False,False,correct
0.15,15.0,distilgpt2,2,64,fp32,adamw,2800,1616.21,1632.978810546875,1726.0,1763.6171153906248,2028.1596826992184,True,True,True,False,False,correct
0.15,15.0,distilgpt2,2,64,fp32,adamw,3072,1616.21,1632.978810546875,1726.0,1763.6171153906248,2028.1596826992184,True,True,True,False,False,correct
0.15,15.0,distilgpt2,2,64,fp32,adamw,4096,1616.21,1632.978810546875,1726.0,1763.6171153906248,2028.1596826992184,True,True,True,False,False,correct
0.15,15.0,distilgpt2,2,64,fp32,adamw,8192,1616.21,1632.978810546875,1726.0,1763.6171153906248,2028.1596826992184,True,True,True,False,False,correct
0.15,15.0,distilgpt2,4,64,fp32,adamw,768,1648.43,1792.964310546875,1768.0,1936.401455390625,2226.8616736992185,False,False,True,False,False,correct
0.15,15.0,distilgpt2,4,64,fp32,adamw,1024,1648.43,1792.964310546875,1768.0,1936.401455390625,2226.8616736992185,False,False,True,False,False,correct
0.15,15.0,distilgpt2,4,64,fp32,adamw,1200,1648.43,1792.964310546875,1768.0,1936.401455390625,2226.8616736992185,False,False,True,False,False,correct
0.15,15.0,distilgpt2,4,64,fp32,adamw,1300,1648.43,1792.964310546875,1768.0,1936.401455390625,2226.8616736992185,False,False,True,False,False,correct
0.15,15.0,distilgpt2,4,64,fp32,adamw,1400,1648.43,1792.964310546875,1768.0,1936.401455390625,2226.8616736992185,False,False,True,False,False,correct
0.15,15.0,distilgpt2,4,64,fp32,adamw,1500,1648.43,1792.964310546875,1768.0,1936.401455390625,2226.8616736992185,False,False,True,False,False,correct
0.15,15.0,distilgpt2,4,64,fp32,adamw,1600,1648.43,1792.964310546875,1768.0,1936.401455390625,2226.8616736992185,False,False,True,False,False,correct
0.15,15.0,distilgpt2,4,64,fp32,adamw,1700,1648.43,1792.964310546875,1768.0,1936.401455390625,2226.8616736992185,False,False,True,False,False,correct
0.15,15.0,distilgpt2,4,64,fp32,adamw,1800,1648.43,1792.964310546875,1768.0,1936.401455390625,2226.8616736992185,True,False,False,False,True,conservative_overprediction
0.15,15.0,distilgpt2,4,64,fp32,adamw,1900,1648.43,1792.964310546875,1768.0,1936.401455390625,2226.8616736992185,True,False,False,False,True,conservative_overprediction
0.15,15.0,distilgpt2,4,64,fp32,adamw,2000,1648.43,1792.964310546875,1768.0,1936.401455390625,2226.8616736992185,True,False,False,False,True,conservative_overprediction
0.15,15.0,distilgpt2,4,64,fp32,adamw,2048,1648.43,1792.964310546875,1768.0,1936.401455390625,2226.8616736992185,True,False,False,False,True,conservative_overprediction
0.15,15.0,distilgpt2,4,64,fp32,adamw,2200,1648.43,1792.964310546875,1768.0,1936.401455390625,2226.8616736992185,True,False,False,False,True,conservative_overprediction
0.15,15.0,distilgpt2,4,64,fp32,adamw,2400,1648.43,1792.964310546875,1768.0,1936.401455390625,2226.8616736992185,True,True,True,False,False,correct
0.15,15.0,distilgpt2,4,64,fp32,adamw,2600,1648.43,1792.964310546875,1768.0,1936.401455390625,2226.8616736992185,True,True,True,False,False,correct
0.15,15.0,distilgpt2,4,64,fp32,adamw,2800,1648.43,1792.964310546875,1768.0,1936.401455390625,2226.8616736992185,True,True,True,False,False,correct
0.15,15.0,distilgpt2,4,64,fp32,adamw,3072,1648.43,1792.964310546875,1768.0,1936.401455390625,2226.8616736992185,True,True,True,False,False,correct
0.15,15.0,distilgpt2,4,64,fp32,adamw,4096,1648.43,1792.964310546875,1768.0,1936.401455390625,2226.8616736992185,True,True,True,False,False,correct
0.15,15.0,distilgpt2,4,64,fp32,adamw,8192,1648.43,1792.964310546875,1768.0,1936.401455390625,2226.8616736992185,True,True,True,False,False,correct
0.15,15.0,distilgpt2,1,64,fp32,sgd,768,956.49,928.042701171875,1030.0,1002.2861172656252,1152.629034855469,False,False,True,False,False,correct
0.15,15.0,distilgpt2,1,64,fp32,sgd,1024,956.49,928.042701171875,1030.0,1002.2861172656252,1152.629034855469,False,False,True,False,False,correct
0.15,15.0,distilgpt2,1,64,fp32,sgd,1200,956.49,928.042701171875,1030.0,1002.2861172656252,1152.629034855469,True,True,True,False,False,correct
0.15,15.0,distilgpt2,1,64,fp32,sgd,1300,956.49,928.042701171875,1030.0,1002.2861172656252,1152.629034855469,True,True,True,False,False,correct
0.15,15.0,distilgpt2,1,64,fp32,sgd,1400,956.49,928.042701171875,1030.0,1002.2861172656252,1152.629034855469,True,True,True,False,False,correct
0.15,15.0,distilgpt2,1,64,fp32,sgd,1500,956.49,928.042701171875,1030.0,1002.2861172656252,1152.629034855469,True,True,True,False,False,correct
0.15,15.0,distilgpt2,1,64,fp32,sgd,1600,956.49,928.042701171875,1030.0,1002.2861172656252,1152.629034855469,True,True,True,False,False,correct
0.15,15.0,distilgpt2,1,64,fp32,sgd,1700,956.49,928.042701171875,1030.0,1002.2861172656252,1152.629034855469,True,True,True,False,False,correct
0.15,15.0,distilgpt2,1,64,fp32,sgd,1800,956.49,928.042701171875,1030.0,1002.2861172656252,1152.629034855469,True,True,True,False,False,correct
0.15,15.0,distilgpt2,1,64,fp32,sgd,1900,956.49,928.042701171875,1030.0,1002.2861172656252,1152.629034855469,True,True,True,False,False,correct
0.15,15.0,distilgpt2,1,64,fp32,sgd,2000,956.49,928.042701171875,1030.0,1002.2861172656252,1152.629034855469,True,True,True,False,False,correct
0.15,15.0,distilgpt2,1,64,fp32,sgd,2048,956.49,928.042701171875,1030.0,1002.2861172656252,1152.629034855469,True,True,True,False,False,correct
0.15,15.0,distilgpt2,1,64,fp32,sgd,2200,956.49,928.042701171875,1030.0,1002.2861172656252,1152.629034855469,True,True,True,False,False,correct
0.15,15.0,distilgpt2,1,64,fp32,sgd,2400,956.49,928.042701171875,1030.0,1002.2861172656252,1152.629034855469,True,True,True,False,False,correct
0.15,15.0,distilgpt2,1,64,fp32,sgd,2600,956.49,928.042701171875,1030.0,1002.2861172656252,1152.629034855469,True,True,True,False,False,correct
0.15,15.0,distilgpt2,1,64,fp32,sgd,2800,956.49,928.042701171875,1030.0,1002.2861172656252,1152.629034855469,True,True,True,False,False,correct
0.15,15.0,distilgpt2,1,64,fp32,sgd,3072,956.49,928.042701171875,1030.0,1002.2861172656252,1152.629034855469,True,True,True,False,False,correct
0.15,15.0,distilgpt2,1,64,fp32,sgd,4096,956.49,928.042701171875,1030.0,1002.2861172656252,1152.629034855469,True,True,True,False,False,correct
0.15,15.0,distilgpt2,1,64,fp32,sgd,8192,956.49,928.042701171875,1030.0,1002.2861172656252,1152.629034855469,True,True,True,False,False,correct
0.15,15.0,distilgpt2,1,64,fp32,adamw,768,1600.94,1552.9860605468748,1738.0,1677.2249453906247,1928.8086871992182,False,False,True,False,False,correct
0.15,15.0,distilgpt2,1,64,fp32,adamw,1024,1600.94,1552.9860605468748,1738.0,1677.2249453906247,1928.8086871992182,False,False,True,False,False,correct
0.15,15.0,distilgpt2,1,64,fp32,adamw,1200,1600.94,1552.9860605468748,1738.0,1677.2249453906247,1928.8086871992182,False,False,True,False,False,correct
0.15,15.0,distilgpt2,1,64,fp32,adamw,1300,1600.94,1552.9860605468748,1738.0,1677.2249453906247,1928.8086871992182,False,False,True,False,False,correct
0.15,15.0,distilgpt2,1,64,fp32,adamw,1400,1600.94,1552.9860605468748,1738.0,1677.2249453906247,1928.8086871992182,False,False,True,False,False,correct
0.15,15.0,distilgpt2,1,64,fp32,adamw,1500,1600.94,1552.9860605468748,1738.0,1677.2249453906247,1928.8086871992182,False,False,True,False,False,correct
0.15,15.0,distilgpt2,1,64,fp32,adamw,1600,1600.94,1552.9860605468748,1738.0,1677.2249453906247,1928.8086871992182,False,False,True,False,False,correct
0.15,15.0,distilgpt2,1,64,fp32,adamw,1700,1600.94,1552.9860605468748,1738.0,1677.2249453906247,1928.8086871992182,False,False,True,False,False,correct
0.15,15.0,distilgpt2,1,64,fp32,adamw,1800,1600.94,1552.9860605468748,1738.0,1677.2249453906247,1928.8086871992182,True,False,False,False,True,conservative_overprediction
0.15,15.0,distilgpt2,1,64,fp32,adamw,1900,1600.94,1552.9860605468748,1738.0,1677.2249453906247,1928.8086871992182,True,False,False,False,True,conservative_overprediction
0.15,15.0,distilgpt2,1,64,fp32,adamw,2000,1600.94,1552.9860605468748,1738.0,1677.2249453906247,1928.8086871992182,True,True,True,False,False,correct
0.15,15.0,distilgpt2,1,64,fp32,adamw,2048,1600.94,1552.9860605468748,1738.0,1677.2249453906247,1928.8086871992182,True,True,True,False,False,correct
0.15,15.0,distilgpt2,1,64,fp32,adamw,2200,1600.94,1552.9860605468748,1738.0,1677.2249453906247,1928.8086871992182,True,True,True,False,False,correct
0.15,15.0,distilgpt2,1,64,fp32,adamw,2400,1600.94,1552.9860605468748,1738.0,1677.2249453906247,1928.8086871992182,True,True,True,False,False,correct
0.15,15.0,distilgpt2,1,64,fp32,adamw,2600,1600.94,1552.9860605468748,1738.0,1677.2249453906247,1928.8086871992182,True,True,True,False,False,correct
0.15,15.0,distilgpt2,1,64,fp32,adamw,2800,1600.94,1552.9860605468748,1738.0,1677.2249453906247,1928.8086871992182,True,True,True,False,False,correct
0.15,15.0,distilgpt2,1,64,fp32,adamw,3072,1600.94,1552.9860605468748,1738.0,1677.2249453906247,1928.8086871992182,True,True,True,False,False,correct
0.15,15.0,distilgpt2,1,64,fp32,adamw,4096,1600.94,1552.9860605468748,1738.0,1677.2249453906247,1928.8086871992182,True,True,True,False,False,correct
0.15,15.0,distilgpt2,1,64,fp32,adamw,8192,1600.94,1552.9860605468748,1738.0,1677.2249453906247,1928.8086871992182,True,True,True,False,False,correct
0.15,15.0,gpt2,1,32,fp32,sgd,768,1271.56,1196.307083984375,1388.0,1292.0116507031248,1485.8133983085934,False,False,True,False,False,correct
0.15,15.0,gpt2,1,32,fp32,sgd,1024,1271.56,1196.307083984375,1388.0,1292.0116507031248,1485.8133983085934,False,False,True,False,False,correct
0.15,15.0,gpt2,1,32,fp32,sgd,1200,1271.56,1196.307083984375,1388.0,1292.0116507031248,1485.8133983085934,False,False,True,False,False,correct
0.15,15.0,gpt2,1,32,fp32,sgd,1300,1271.56,1196.307083984375,1388.0,1292.0116507031248,1485.8133983085934,False,False,True,False,False,correct
0.15,15.0,gpt2,1,32,fp32,sgd,1400,1271.56,1196.307083984375,1388.0,1292.0116507031248,1485.8133983085934,True,False,False,False,True,conservative_overprediction
0.15,15.0,gpt2,1,32,fp32,sgd,1500,1271.56,1196.307083984375,1388.0,1292.0116507031248,1485.8133983085934,True,True,True,False,False,correct
0.15,15.0,gpt2,1,32,fp32,sgd,1600,1271.56,1196.307083984375,1388.0,1292.0116507031248,1485.8133983085934,True,True,True,False,False,correct
0.15,15.0,gpt2,1,32,fp32,sgd,1700,1271.56,1196.307083984375,1388.0,1292.0116507031248,1485.8133983085934,True,True,True,False,False,correct
0.15,15.0,gpt2,1,32,fp32,sgd,1800,1271.56,1196.307083984375,1388.0,1292.0116507031248,1485.8133983085934,True,True,True,False,False,correct
0.15,15.0,gpt2,1,32,fp32,sgd,1900,1271.56,1196.307083984375,1388.0,1292.0116507031248,1485.8133983085934,True,True,True,False,False,correct
0.15,15.0,gpt2,1,32,fp32,sgd,2000,1271.56,1196.307083984375,1388.0,1292.0116507031248,1485.8133983085934,True,True,True,False,False,correct
0.15,15.0,gpt2,1,32,fp32,sgd,2048,1271.56,1196.307083984375,1388.0,1292.0116507031248,1485.8133983085934,True,True,True,False,False,correct
0.15,15.0,gpt2,1,32,fp32,sgd,2200,1271.56,1196.307083984375,1388.0,1292.0116507031248,1485.8133983085934,True,True,True,False,False,correct
0.15,15.0,gpt2,1,32,fp32,sgd,2400,1271.56,1196.307083984375,1388.0,1292.0116507031248,1485.8133983085934,True,True,True,False,False,correct
0.15,15.0,gpt2,1,32,fp32,sgd,2600,1271.56,1196.307083984375,1388.0,1292.0116507031248,1485.8133983085934,True,True,True,False,False,correct
0.15,15.0,gpt2,1,32,fp32,sgd,2800,1271.56,1196.307083984375,1388.0,1292.0116507031248,1485.8133983085934,True,True,True,False,False,correct
0.15,15.0,gpt2,1,32,fp32,sgd,3072,1271.56,1196.307083984375,1388.0,1292.0116507031248,1485.8133983085934,True,True,True,False,False,correct
0.15,15.0,gpt2,1,32,fp32,sgd,4096,1271.56,1196.307083984375,1388.0,1292.0116507031248,1485.8133983085934,True,True,True,False,False,correct
0.15,15.0,gpt2,1,32,fp32,sgd,8192,1271.56,1196.307083984375,1388.0,1292.0116507031248,1485.8133983085934,True,True,True,False,False,correct
0.15,15.0,gpt2,1,64,fp32,sgd,768,1279.2,1257.068708984375,1422.0,1357.634205703125,1561.2793365585935,False,False,True,False,False,correct
0.15,15.0,gpt2,1,64,fp32,sgd,1024,1279.2,1257.068708984375,1422.0,1357.634205703125,1561.2793365585935,False,False,True,False,False,correct
0.15,15.0,gpt2,1,64,fp32,sgd,1200,1279.2,1257.068708984375,1422.0,1357.634205703125,1561.2793365585935,False,False,True,False,False,correct
0.15,15.0,gpt2,1,64,fp32,sgd,1300,1279.2,1257.068708984375,1422.0,1357.634205703125,1561.2793365585935,False,False,True,False,False,correct
0.15,15.0,gpt2,1,64,fp32,sgd,1400,1279.2,1257.068708984375,1422.0,1357.634205703125,1561.2793365585935,False,False,True,False,False,correct
0.15,15.0,gpt2,1,64,fp32,sgd,1500,1279.2,1257.068708984375,1422.0,1357.634205703125,1561.2793365585935,True,False,False,False,True,conservative_overprediction
0.15,15.0,gpt2,1,64,fp32,sgd,1600,1279.2,1257.068708984375,1422.0,1357.634205703125,1561.2793365585935,True,True,True,False,False,correct
0.15,15.0,gpt2,1,64,fp32,sgd,1700,1279.2,1257.068708984375,1422.0,1357.634205703125,1561.2793365585935,True,True,True,False,False,correct
0.15,15.0,gpt2,1,64,fp32,sgd,1800,1279.2,1257.068708984375,1422.0,1357.634205703125,1561.2793365585935,True,True,True,False,False,correct
0.15,15.0,gpt2,1,64,fp32,sgd,1900,1279.2,1257.068708984375,1422.0,1357.634205703125,1561.2793365585935,True,True,True,False,False,correct
0.15,15.0,gpt2,1,64,fp32,sgd,2000,1279.2,1257.068708984375,1422.0,1357.634205703125,1561.2793365585935,True,True,True,False,False,correct
0.15,15.0,gpt2,1,64,fp32,sgd,2048,1279.2,1257.068708984375,1422.0,1357.634205703125,1561.2793365585935,True,True,True,False,False,correct
0.15,15.0,gpt2,1,64,fp32,sgd,2200,1279.2,1257.068708984375,1422.0,1357.634205703125,1561.2793365585935,True,True,True,False,False,correct
0.15,15.0,gpt2,1,64,fp32,sgd,2400,1279.2,1257.068708984375,1422.0,1357.634205703125,1561.2793365585935,True,True,True,False,False,correct
0.15,15.0,gpt2,1,64,fp32,sgd,2600,1279.2,1257.068708984375,1422.0,1357.634205703125,1561.2793365585935,True,True,True,False,False,correct
0.15,15.0,gpt2,1,64,fp32,sgd,2800,1279.2,1257.068708984375,1422.0,1357.634205703125,1561.2793365585935,True,True,True,False,False,correct
0.15,15.0,gpt2,1,64,fp32,sgd,3072,1279.2,1257.068708984375,1422.0,1357.634205703125,1561.2793365585935,True,True,True,False,False,correct
0.15,15.0,gpt2,1,64,fp32,sgd,4096,1279.2,1257.068708984375,1422.0,1357.634205703125,1561.2793365585935,True,True,True,False,False,correct
0.15,15.0,gpt2,1,64,fp32,sgd,8192,1279.2,1257.068708984375,1422.0,1357.634205703125,1561.2793365585935,True,True,True,False,False,correct
0.15,15.0,gpt2,1,128,fp32,sgd,768,1292.34,1378.591958984375,1406.0,1488.879315703125,1712.2112130585936,False,False,True,False,False,correct
0.15,15.0,gpt2,1,128,fp32,sgd,1024,1292.34,1378.591958984375,1406.0,1488.879315703125,1712.2112130585936,False,False,True,False,False,correct
0.15,15.0,gpt2,1,128,fp32,sgd,1200,1292.34,1378.591958984375,1406.0,1488.879315703125,1712.2112130585936,False,False,True,False,False,correct
0.15,15.0,gpt2,1,128,fp32,sgd,1300,1292.34,1378.591958984375,1406.0,1488.879315703125,1712.2112130585936,False,False,True,False,False,correct
0.15,15.0,gpt2,1,128,fp32,sgd,1400,1292.34,1378.591958984375,1406.0,1488.879315703125,1712.2112130585936,False,False,True,False,False,correct
0.15,15.0,gpt2,1,128,fp32,sgd,1500,1292.34,1378.591958984375,1406.0,1488.879315703125,1712.2112130585936,True,False,False,False,True,conservative_overprediction
0.15,15.0,gpt2,1,128,fp32,sgd,1600,1292.34,1378.591958984375,1406.0,1488.879315703125,1712.2112130585936,True,False,False,False,True,conservative_overprediction
0.15,15.0,gpt2,1,128,fp32,sgd,1700,1292.34,1378.591958984375,1406.0,1488.879315703125,1712.2112130585936,True,False,False,False,True,conservative_overprediction
0.15,15.0,gpt2,1,128,fp32,sgd,1800,1292.34,1378.591958984375,1406.0,1488.879315703125,1712.2112130585936,True,True,True,False,False,correct
0.15,15.0,gpt2,1,128,fp32,sgd,1900,1292.34,1378.591958984375,1406.0,1488.879315703125,1712.2112130585936,True,True,True,False,False,correct
0.15,15.0,gpt2,1,128,fp32,sgd,2000,1292.34,1378.591958984375,1406.0,1488.879315703125,1712.2112130585936,True,True,True,False,False,correct
0.15,15.0,gpt2,1,128,fp32,sgd,2048,1292.34,1378.591958984375,1406.0,1488.879315703125,1712.2112130585936,True,True,True,False,False,correct
0.15,15.0,gpt2,1,128,fp32,sgd,2200,1292.34,1378.591958984375,1406.0,1488.879315703125,1712.2112130585936,True,True,True,False,False,correct
0.15,15.0,gpt2,1,128,fp32,sgd,2400,1292.34,1378.591958984375,1406.0,1488.879315703125,1712.2112130585936,True,True,True,False,False,correct
0.15,15.0,gpt2,1,128,fp32,sgd,2600,1292.34,1378.591958984375,1406.0,1488.879315703125,1712.2112130585936,True,True,True,False,False,correct
0.15,15.0,gpt2,1,128,fp32,sgd,2800,1292.34,1378.591958984375,1406.0,1488.879315703125,1712.2112130585936,True,True,True,False,False,correct
0.15,15.0,gpt2,1,128,fp32,sgd,3072,1292.34,1378.591958984375,1406.0,1488.879315703125,1712.2112130585936,True,True,True,False,False,correct
0.15,15.0,gpt2,1,128,fp32,sgd,4096,1292.34,1378.591958984375,1406.0,1488.879315703125,1712.2112130585936,True,True,True,False,False,correct
0.15,15.0,gpt2,1,128,fp32,sgd,8192,1292.34,1378.591958984375,1406.0,1488.879315703125,1712.2112130585936,True,True,True,False,False,correct
0.15,15.0,gpt2,1,32,fp32,adamw,768,2402.82,2288.1175332031253,2616.0,2471.166935859376,2841.841976238282,False,False,True,False,False,correct
0.15,15.0,gpt2,1,32,fp32,adamw,1024,2402.82,2288.1175332031253,2616.0,2471.166935859376,2841.841976238282,False,False,True,False,False,correct
0.15,15.0,gpt2,1,32,fp32,adamw,1200,2402.82,2288.1175332031253,2616.0,2471.166935859376,2841.841976238282,False,False,True,False,False,correct
0.15,15.0,gpt2,1,32,fp32,adamw,1300,2402.82,2288.1175332031253,2616.0,2471.166935859376,2841.841976238282,False,False,True,False,False,correct
0.15,15.0,gpt2,1,32,fp32,adamw,1400,2402.82,2288.1175332031253,2616.0,2471.166935859376,2841.841976238282,False,False,True,False,False,correct
0.15,15.0,gpt2,1,32,fp32,adamw,1500,2402.82,2288.1175332031253,2616.0,2471.166935859376,2841.841976238282,False,False,True,False,False,correct
0.15,15.0,gpt2,1,32,fp32,adamw,1600,2402.82,2288.1175332031253,2616.0,2471.166935859376,2841.841976238282,False,False,True,False,False,correct
0.15,15.0,gpt2,1,32,fp32,adamw,1700,2402.82,2288.1175332031253,2616.0,2471.166935859376,2841.841976238282,False,False,True,False,False,correct
0.15,15.0,gpt2,1,32,fp32,adamw,1800,2402.82,2288.1175332031253,2616.0,2471.166935859376,2841.841976238282,False,False,True,False,False,correct
0.15,15.0,gpt2,1,32,fp32,adamw,1900,2402.82,2288.1175332031253,2616.0,2471.166935859376,2841.841976238282,False,False,True,False,False,correct
0.15,15.0,gpt2,1,32,fp32,adamw,2000,2402.82,2288.1175332031253,2616.0,2471.166935859376,2841.841976238282,False,False,True,False,False,correct
0.15,15.0,gpt2,1,32,fp32,adamw,2048,2402.82,2288.1175332031253,2616.0,2471.166935859376,2841.841976238282,False,False,True,False,False,correct
0.15,15.0,gpt2,1,32,fp32,adamw,2200,2402.82,2288.1175332031253,2616.0,2471.166935859376,2841.841976238282,False,False,True,False,False,correct
0.15,15.0,gpt2,1,32,fp32,adamw,2400,2402.82,2288.1175332031253,2616.0,2471.166935859376,2841.841976238282,False,False,True,False,False,correct
0.15,15.0,gpt2,1,32,fp32,adamw,2600,2402.82,2288.1175332031253,2616.0,2471.166935859376,2841.841976238282,False,False,True,False,False,correct
0.15,15.0,gpt2,1,32,fp32,adamw,2800,2402.82,2288.1175332031253,2616.0,2471.166935859376,2841.841976238282,True,False,False,False,True,conservative_overprediction
0.15,15.0,gpt2,1,32,fp32,adamw,3072,2402.82,2288.1175332031253,2616.0,2471.166935859376,2841.841976238282,True,True,True,False,False,correct
0.15,15.0,gpt2,1,32,fp32,adamw,4096,2402.82,2288.1175332031253,2616.0,2471.166935859376,2841.841976238282,True,True,True,False,False,correct
0.15,15.0,gpt2,1,32,fp32,adamw,8192,2402.82,2288.1175332031253,2616.0,2471.166935859376,2841.841976238282,True,True,True,False,False,correct
0.15,15.0,gpt2,1,64,fp32,adamw,768,2409.59,2348.879158203125,2670.0,2536.789490859375,2917.307914488281,False,False,True,False,False,correct
0.15,15.0,gpt2,1,64,fp32,adamw,1024,2409.59,2348.879158203125,2670.0,2536.789490859375,2917.307914488281,False,False,True,False,False,correct
0.15,15.0,gpt2,1,64,fp32,adamw,1200,2409.59,2348.879158203125,2670.0,2536.789490859375,2917.307914488281,False,False,True,False,False,correct
0.15,15.0,gpt2,1,64,fp32,adamw,1300,2409.59,2348.879158203125,2670.0,2536.789490859375,2917.307914488281,False,False,True,False,False,correct
0.15,15.0,gpt2,1,64,fp32,adamw,1400,2409.59,2348.879158203125,2670.0,2536.789490859375,2917.307914488281,False,False,True,False,False,correct
0.15,15.0,gpt2,1,64,fp32,adamw,1500,2409.59,2348.879158203125,2670.0,2536.789490859375,2917.307914488281,False,False,True,False,False,correct
0.15,15.0,gpt2,1,64,fp32,adamw,1600,2409.59,2348.879158203125,2670.0,2536.789490859375,2917.307914488281,False,False,True,False,False,correct
0.15,15.0,gpt2,1,64,fp32,adamw,1700,2409.59,2348.879158203125,2670.0,2536.789490859375,2917.307914488281,False,False,True,False,False,correct
0.15,15.0,gpt2,1,64,fp32,adamw,1800,2409.59,2348.879158203125,2670.0,2536.789490859375,2917.307914488281,False,False,True,False,False,correct
0.15,15.0,gpt2,1,64,fp32,adamw,1900,2409.59,2348.879158203125,2670.0,2536.789490859375,2917.307914488281,False,False,True,False,False,correct
0.15,15.0,gpt2,1,64,fp32,adamw,2000,2409.59,2348.879158203125,2670.0,2536.789490859375,2917.307914488281,False,False,True,False,False,correct
0.15,15.0,gpt2,1,64,fp32,adamw,2048,2409.59,2348.879158203125,2670.0,2536.789490859375,2917.307914488281,False,False,True,False,False,correct
0.15,15.0,gpt2,1,64,fp32,adamw,2200,2409.59,2348.879158203125,2670.0,2536.789490859375,2917.307914488281,False,False,True,False,False,correct
0.15,15.0,gpt2,1,64,fp32,adamw,2400,2409.59,2348.879158203125,2670.0,2536.789490859375,2917.307914488281,False,False,True,False,False,correct
0.15,15.0,gpt2,1,64,fp32,adamw,2600,2409.59,2348.879158203125,2670.0,2536.789490859375,2917.307914488281,False,False,True,False,False,correct
0.15,15.0,gpt2,1,64,fp32,adamw,2800,2409.59,2348.879158203125,2670.0,2536.789490859375,2917.307914488281,True,False,False,False,True,conservative_overprediction
0.15,15.0,gpt2,1,64,fp32,adamw,3072,2409.59,2348.879158203125,2670.0,2536.789490859375,2917.307914488281,True,True,True,False,False,correct
0.15,15.0,gpt2,1,64,fp32,adamw,4096,2409.59,2348.879158203125,2670.0,2536.789490859375,2917.307914488281,True,True,True,False,False,correct
0.15,15.0,gpt2,1,64,fp32,adamw,8192,2409.59,2348.879158203125,2670.0,2536.789490859375,2917.307914488281,True,True,True,False,False,correct
0.15,15.0,gpt2,1,128,fp32,adamw,768,2422.73,2470.402408203125,2634.0,2668.034600859375,3068.239790988281,False,False,True,False,False,correct
0.15,15.0,gpt2,1,128,fp32,adamw,1024,2422.73,2470.402408203125,2634.0,2668.034600859375,3068.239790988281,False,False,True,False,False,correct
0.15,15.0,gpt2,1,128,fp32,adamw,1200,2422.73,2470.402408203125,2634.0,2668.034600859375,3068.239790988281,False,False,True,False,False,correct
0.15,15.0,gpt2,1,128,fp32,adamw,1300,2422.73,2470.402408203125,2634.0,2668.034600859375,3068.239790988281,False,False,True,False,False,correct
0.15,15.0,gpt2,1,128,fp32,adamw,1400,2422.73,2470.402408203125,2634.0,2668.034600859375,3068.239790988281,False,False,True,False,False,correct
0.15,15.0,gpt2,1,128,fp32,adamw,1500,2422.73,2470.402408203125,2634.0,2668.034600859375,3068.239790988281,False,False,True,False,False,correct
0.15,15.0,gpt2,1,128,fp32,adamw,1600,2422.73,2470.402408203125,2634.0,2668.034600859375,3068.239790988281,False,False,True,False,False,correct
0.15,15.0,gpt2,1,128,fp32,adamw,1700,2422.73,2470.402408203125,2634.0,2668.034600859375,3068.239790988281,False,False,True,False,False,correct
0.15,15.0,gpt2,1,128,fp32,adamw,1800,2422.73,2470.402408203125,2634.0,2668.034600859375,3068.239790988281,False,False,True,False,False,correct
0.15,15.0,gpt2,1,128,fp32,adamw,1900,2422.73,2470.402408203125,2634.0,2668.034600859375,3068.239790988281,False,False,True,False,False,correct
0.15,15.0,gpt2,1,128,fp32,adamw,2000,2422.73,2470.402408203125,2634.0,2668.034600859375,3068.239790988281,False,False,True,False,False,correct
0.15,15.0,gpt2,1,128,fp32,adamw,2048,2422.73,2470.402408203125,2634.0,2668.034600859375,3068.239790988281,False,False,True,False,False,correct
0.15,15.0,gpt2,1,128,fp32,adamw,2200,2422.73,2470.402408203125,2634.0,2668.034600859375,3068.239790988281,False,False,True,False,False,correct
0.15,15.0,gpt2,1,128,fp32,adamw,2400,2422.73,2470.402408203125,2634.0,2668.034600859375,3068.239790988281,False,False,True,False,False,correct
0.15,15.0,gpt2,1,128,fp32,adamw,2600,2422.73,2470.402408203125,2634.0,2668.034600859375,3068.239790988281,False,False,True,False,False,correct
0.15,15.0,gpt2,1,128,fp32,adamw,2800,2422.73,2470.402408203125,2634.0,2668.034600859375,3068.239790988281,True,False,False,False,True,conservative_overprediction
0.15,15.0,gpt2,1,128,fp32,adamw,3072,2422.73,2470.402408203125,2634.0,2668.034600859375,3068.239790988281,True,True,True,False,False,correct
0.15,15.0,gpt2,1,128,fp32,adamw,4096,2422.73,2470.402408203125,2634.0,2668.034600859375,3068.239790988281,True,True,True,False,False,correct
0.15,15.0,gpt2,1,128,fp32,adamw,8192,2422.73,2470.402408203125,2634.0,2668.034600859375,3068.239790988281,True,True,True,False,False,correct
